5072.59962;3889.32678;21.50540;1158.54024;785.40791;255.07820;3509.43273;4308.05248;1289.89054;519.48861;1452.52178;843.71704;167.63124;3336.00105;473.55369;84.92565;605.92456;488.06591;328.86718;25.63305;1144.01822;120.07061;1363.59847;609.19903;3034.05210;353.27324;61.80268;3030.28820;480.47237;1430.14388;3647.19578;1374.83138;556.64363;854.05709;832.11112;507.62524;349.61550;154.74656;131.47371;279.67787;86.93698;15.96400;50.01091;121.58280;92.44312;151.58512;216.64436;470.85480;216.64436;164.19661;673.55057;117.67031;207.75485;667.56631;87.07194;1663.76935;339.57352;70.48981;0.00000;1505.17244;250.29602;685.42503;1505.17244;1511.09345;3693.23820;806.76550;527.53655;1247.11410;275.57530;848.45960;381.01604;807.20390;1771.55196;629.27037;1052.87944;340.49713;261.59783;1247.21631;538.90281;430.86677;598.56548;1401.85337;974.48790;974.48790;15.94274;412.62092;22.87413;0.00000;48.87191;0.00000;0.00000;932.15573;183.62909;999.93816;605.92456;3203.95573;4308.05248;3509.43273;4088.51761;1958.60890
3889.32678;53172.91849;205.41404;10447.08452;2962.02777;1089.85392;6589.92721;14348.45207;7543.63366;2293.60671;5297.87307;6442.72547;870.59508;15833.68544;2878.65590;768.32654;2804.52859;3889.93952;1418.04277;216.24427;2834.45799;640.61593;5345.76308;2667.64620;10736.08219;1106.06059;350.10309;9807.88730;1168.73264;4472.55141;22379.53475;4702.91636;1973.19052;1811.79779;10080.08784;6484.11706;1410.36480;871.29156;1828.50809;1027.58806;403.93483;56.24143;109.06643;387.86923;1213.17813;584.26909;889.46826;2813.42509;889.46826;953.19154;5224.73475;1246.08730;653.00461;8278.74187;539.48737;7826.08190;1192.42360;452.44195;5.92400;24831.55291;703.28200;8435.18044;24831.55291;25165.54580;18561.30604;5148.87105;1496.05345;10460.01198;2984.38559;6346.15357;2380.59315;4667.89200;8535.60201;3956.09552;6631.91910;2300.30833;2214.02182;2993.89238;5317.76338;2074.90296;5369.77244;6210.20254;19752.86325;19752.86325;86.25242;1609.81531;64.42894;44.48271;246.21978;0.00000;28.64017;3058.16151;638.02222;2973.07162;2804.52859;12654.11596;14348.45207;6589.92721;10544.40978;7208.18365
21.50540;205.41404;2027.35181;43.84691;32.89325;7.64798;74.32640;135.25259;47.31563;3.68316;70.34976;108.85841;10.92459;213.05220;35.83476;2.39290;32.58015;42.64251;13.65156;2.62379;22.25852;14.09062;190.37749;63.60808;221.22987;6.07759;0.00000;105.58539;9.72398;18.28870;338.01003;34.60897;87.34701;17.99809;25.70746;91.91942;17.36487;6.64043;53.17704;11.42873;3.33649;0.00000;0.00000;14.58043;8.13788;14.06118;127.09162;42.56581;127.09162;22.04434;25.78648;16.93448;8.27820;70.77876;11.08417;35.79452;1.66962;7.17108;6.72205;129.36041;4.76797;69.44525;129.36041;720.67917;231.92633;34.33503;3.41179;40.04059;1.56960;35.03549;33.00118;30.88577;99.04676;20.56013;14.16953;14.46025;7.49844;36.17196;34.87754;10.01334;30.84664;37.65689;231.88443;231.88443;16.33401;76.74219;5.51606;11.79364;12.69475;0.00000;1.29831;48.62234;2.21008;275.19227;32.58015;375.25224;135.25259;74.32640;58.79329;160.36451
1158.54024;10447.08452;43.84691;9380.68730;599.91727;307.84244;1660.69238;1992.97936;1795.97703;611.31322;1000.70334;974.86649;367.40986;5529.11750;1678.01087;512.64129;338.00742;337.56298;496.89098;128.29953;339.86745;215.83424;1596.73083;695.73121;4278.47519;452.34666;161.65188;3915.10755;359.13243;2290.17969;4394.23758;1394.33439;660.68928;653.53572;1012.17195;1649.61145;525.74772;228.18729;272.52552;462.89593;117.36019;17.47091;13.24054;95.18679;114.00921;153.99216;402.67238;613.88577;402.67238;284.10240;940.23816;141.74351;208.63825;679.87896;76.06037;628.74276;454.38659;199.43065;5.50137;7497.15226;160.70936;2304.69312;7497.15226;4598.16595;4087.84002;405.32636;276.82090;936.23719;105.82923;966.98299;442.03318;596.28622;932.96102;396.86756;356.71858;294.15176;130.78397;582.84990;418.25245;262.75965;784.01739;1938.78478;1493.35953;1493.35953;35.52254;723.34602;18.60340;33.79534;90.92901;0.00000;9.08817;1017.57297;59.21707;1254.16449;338.00742;1529.24611;1992.97936;1660.69238;1447.87638;2280.80652
785.40791;2962.02777;32.89325;599.91727;17462.38126;186.16904;964.55250;2369.38919;1386.21710;668.70488;477.28524;1709.33072;861.79462;2005.97021;308.80196;242.38378;471.03663;1091.91099;210.27038;366.60218;1000.79635;674.57536;685.17330;531.37655;1781.67710;191.82958;44.91210;868.67955;138.21431;538.92830;11404.81727;515.40985;668.38289;651.29774;2065.53825;2995.25615;1350.18001;1153.25341;1173.01988;3225.67253;934.79156;74.68689;707.19916;1333.64596;1653.56069;2375.10128;1416.30567;3312.59401;1416.30567;3125.45162;5579.14317;1212.38370;5037.20896;9371.25815;2344.78657;2839.92433;300.33186;80.22234;3.96894;9280.82837;989.29256;2201.24569;9280.82837;2237.55698;8924.03702;2467.39025;253.03594;1694.23581;2296.24015;3334.38962;263.33030;1109.93569;729.92550;306.93254;833.26739;1809.61962;545.24968;246.39198;880.22501;172.74401;672.54018;741.54983;1590.50227;1590.50227;18.84156;169.97464;1.66921;16.17731;312.73626;0.00000;1.29831;2496.30304;1002.95111;2101.98236;471.03663;4820.93514;2369.38919;964.55250;7580.15822;2313.41595
255.07820;1089.85392;7.64798;307.84244;186.16904;2568.48820;480.86553;371.78366;215.70107;48.86751;173.87346;134.57671;19.18125;2219.49492;57.47289;1.21249;38.80326;395.81127;217.28216;13.27619;98.16442;62.92511;468.71450;689.70720;615.76011;33.77396;5.53007;1040.04877;52.65817;369.62632;742.44722;158.87306;129.67196;73.14406;202.32497;240.82237;49.90174;43.51225;70.42605;39.58466;7.17068;0.19809;7.33847;31.72598;53.42911;54.88156;104.38761;117.37792;104.38761;61.28279;168.52577;53.21293;54.50408;187.40893;48.90789;126.97259;165.53629;80.48533;0.00000;903.23101;37.62506;527.12937;903.23101;388.88240;599.85592;208.44343;35.35520;294.22347;123.73521;265.98184;82.76293;78.27820;204.83505;71.53659;117.69700;53.07154;30.72521;72.06716;103.77333;57.78838;123.85321;703.88081;1013.35944;1013.35944;0.41981;131.87191;7.25709;0.00000;3.90821;0.00000;0.00000;184.67143;10.89822;193.76826;38.80326;380.56527;371.78366;480.86553;236.15147;230.49791
3509.43273;6589.92721;74.32640;1660.69238;964.55250;480.86553;15772.75276;5003.28187;2362.44921;804.11091;2352.13838;1088.02447;321.33858;5861.01825;555.15550;150.83419;701.35143;836.28642;781.71176;51.83405;782.19425;196.67400;2621.56832;1243.21840;5282.37965;584.56209;131.26134;3572.16179;561.11105;2254.57290;7727.58480;1613.72363;812.19648;1286.03808;1705.41261;1490.72266;877.01431;354.52301;219.72184;449.84487;103.98939;17.27174;62.09050;160.55404;410.63918;273.54337;301.48338;696.24531;301.48338;133.95946;931.23089;158.90841;246.56207;1010.87474;209.76533;1861.34280;724.67833;289.86937;2.76294;3688.39493;233.04927;1652.26387;3688.39493;2098.64857;5751.72331;1772.68285;724.90413;1549.13359;800.65349;1675.29160;1195.16028;1076.93085;2330.83459;876.34947;2221.58566;395.50953;321.62253;1747.87217;623.38169;589.99220;1165.58536;1773.31805;1474.78624;1474.78624;16.42876;502.04518;13.43556;17.49723;118.32937;0.00000;4.23884;1042.11877;239.72439;1337.17825;701.35143;3184.11599;5003.28187;15772.75276;3640.69323;1552.29471
4308.05248;14348.45207;135.25259;1992.97936;2369.38919;371.78366;5003.28187;30675.22725;5363.98639;1577.02795;5032.47446;2571.74783;330.26209;7481.66396;977.08994;103.31565;1664.05699;2161.33381;806.96704;70.20010;7085.81353;327.70076;3363.33106;1143.23361;5495.97755;530.29715;118.39072;5062.72517;1237.77466;1914.09696;13122.45696;2796.90256;844.92270;1282.32266;7069.35715;2162.18926;895.56467;349.82503;511.50308;743.09166;182.89821;25.01532;155.71668;326.51472;833.75211;564.78533;532.78378;1649.97040;532.78378;782.92592;2851.84109;981.89790;734.21633;6212.54297;373.92521;4764.24722;614.12579;159.95457;3.96894;7865.49718;757.39715;2593.06601;7865.49718;7579.91638;11757.04505;3355.12855;1658.51718;6622.95764;1438.42757;4370.98309;1202.91669;2422.05643;10010.80368;3734.43617;4705.22999;1110.60298;1473.26390;3987.33816;2810.28766;2003.98744;3436.86891;2738.82910;4025.53248;4025.53248;37.54517;533.42262;13.51400;33.00484;122.68346;0.00000;6.49155;2605.33008;509.86632;2212.63878;1664.05699;7242.02196;30675.22725;5003.28187;11549.26055;2884.70260
1289.89054;7543.63366;47.31563;1795.97703;1386.21710;215.70107;2362.44921;5363.98639;29163.81518;1075.42847;1876.33207;1591.41267;447.83970;13230.56486;1399.57787;474.59279;787.00681;935.46017;741.23143;81.39328;773.57868;340.88291;2104.18743;1132.49339;4824.55568;440.25033;79.96129;5420.83817;458.91825;2088.13760;9149.89822;1525.45211;975.56790;1090.36504;2849.42396;1688.88162;6113.85555;531.23012;1645.12898;949.66687;234.78738;23.68144;86.92805;309.10577;405.41452;489.53482;477.51643;970.59266;477.51643;470.41918;2493.69720;669.75544;334.36917;3840.97271;210.62129;2251.07545;504.82254;130.09835;13.13330;5952.00165;282.84830;1813.97553;5952.00165;4007.89583;10595.62232;1668.94710;570.28648;3051.84013;740.56685;11499.71274;756.11775;1613.94922;2360.08462;871.72936;1764.57832;733.02336;492.89581;1142.27635;4937.57292;5197.89953;1869.06979;2636.78505;2405.18515;2405.18515;13.69833;739.07513;16.39511;6.19326;73.15026;0.00000;1.29831;1619.67171;228.08480;1584.45317;787.00681;4153.62809;5363.98639;2362.44921;3460.74499;2125.94850
519.48861;2293.60671;3.68316;611.31322;668.70488;48.86751;804.11091;1577.02795;1075.42847;9766.22311;440.83555;655.77418;89.24412;1671.16415;182.46152;73.07079;93.46532;464.91304;165.44416;49.55956;285.68416;222.00204;1663.27598;241.70316;804.82366;52.60561;12.37274;708.25799;109.28542;239.81959;2749.60874;1535.16752;133.26175;655.37527;1026.72615;813.65764;329.44242;164.86804;329.87411;589.51340;68.91889;5.63681;25.27675;182.72967;180.57253;129.45590;162.80564;483.64038;162.80564;470.81055;513.09587;360.57533;126.86898;687.34094;61.96847;2255.85479;126.29563;52.33951;0.00000;1989.46699;92.75744;742.18164;1989.46699;2096.19646;2712.91203;369.93996;240.04277;577.52599;279.34779;564.16616;170.62166;1661.76586;524.02959;327.65547;704.96318;237.61286;226.32823;405.23031;1696.11814;299.15463;918.79888;501.30087;888.57866;888.57866;6.91479;368.01327;0.24433;0.00000;28.07715;0.00000;0.00000;2019.41806;468.40566;560.05763;93.46532;3514.93541;1577.02795;804.11091;2459.98543;2048.04270
1452.52178;5297.87307;70.34976;1000.70334;477.28524;173.87346;2352.13838;5032.47446;1876.33207;440.83555;7620.54083;998.27924;143.08918;3686.05902;433.47264;45.29555;498.67616;738.45651;334.17839;43.82915;1888.75903;186.26489;1632.26245;588.83937;2855.23170;300.88233;74.38717;2213.96600;559.12471;1025.01726;4758.14767;1105.42336;555.68693;810.99727;1175.97770;832.37639;271.24528;170.84336;185.14480;277.57031;35.68654;9.51293;33.02139;98.20415;165.04937;86.51209;138.75340;338.58167;138.75340;105.26347;630.85644;161.85371;170.27514;984.80546;155.80591;1420.88187;327.33748;87.79822;2.57766;1900.33458;236.59364;800.80185;1900.33458;2859.13797;3427.42730;745.18278;488.26770;1648.87266;182.80757;1213.81090;417.01497;928.56169;3555.19486;1785.16925;1562.08029;404.51768;335.40058;1179.25200;963.59392;586.44746;930.48193;1563.01987;1927.66132;1927.66132;17.84113;280.72715;13.76025;9.03562;42.62211;0.00000;15.31315;1161.45424;74.44570;677.59890;498.67616;2282.22565;5032.47446;2352.13838;2257.37084;1272.03381
843.71704;6442.72547;108.85841;974.86649;1709.33072;134.57671;1088.02447;2571.74783;1591.41267;655.77418;998.27924;19679.50058;107.99598;2109.22300;375.38104;90.22189;748.83668;1156.90290;156.40071;68.68022;347.88857;236.39775;666.37605;315.24853;2328.30767;201.39160;44.65167;1563.76060;188.72410;1312.65680;8470.45651;981.41171;367.12061;402.93412;2593.34992;2654.58839;495.51780;330.56691;950.96291;457.07620;107.61768;13.17839;58.94303;155.79320;289.32368;185.00280;304.58796;1469.66747;304.58796;614.61215;2725.07157;470.14899;644.85881;3255.14162;262.22296;2646.26561;405.52051;127.39637;0.00000;8011.53568;361.30726;2789.45534;8011.53568;5142.47475;7346.54432;1081.85149;402.09120;2777.42811;1715.60818;1440.77439;572.00989;1290.64407;1494.03796;520.27136;1223.23016;681.67059;713.23693;478.16387;1044.04561;348.67386;1182.04206;1099.05133;4794.37861;4794.37861;7.47734;284.70821;7.04248;7.73120;49.87403;0.00000;0.00000;936.37045;281.69646;642.80980;748.83668;4469.06388;2571.74783;1088.02447;5744.02496;1089.72164
167.63124;870.59508;10.92459;367.40986;861.79462;19.18125;321.33858;330.26209;447.83970;89.24412;143.08918;107.99598;3910.41154;1152.38006;318.35884;85.24283;61.44848;75.20242;113.69863;23.42212;42.48444;32.47802;295.16995;146.06195;1704.60369;109.81316;14.85041;634.02243;36.17290;273.24478;1393.24136;85.72593;171.59890;353.00053;258.49943;214.24600;303.35099;135.10460;152.41198;285.28895;185.64620;14.86038;40.01846;136.69613;103.20670;332.11905;343.74197;545.38089;343.74197;325.38486;760.03096;437.82050;189.94328;1426.75551;60.40768;343.93169;107.48985;163.29416;4.31989;682.74656;116.67775;190.69922;682.74656;419.09707;1128.14819;126.27268;32.34795;151.25311;102.92377;327.67459;79.55108;124.31817;144.84510;62.20928;63.79554;25.24836;87.36465;69.66838;86.95332;60.09083;72.70991;418.27964;136.91190;136.91190;11.81290;206.16104;0.45339;2.75803;56.75612;0.00000;3.89493;599.62693;349.43942;408.34633;61.44848;370.42491;330.26209;321.33858;443.74389;1012.80313
3336.00105;15833.68544;213.05220;5529.11750;2005.97021;2219.49492;5861.01825;7481.66396;13230.56486;1671.16415;3686.05902;2109.22300;1152.38006;1730915.67030;3875.59525;564.04421;2495.98022;4159.47887;8694.64627;518.99035;2916.97410;2906.87221;20467.11250;20658.12143;22685.77191;1881.23700;122.06785;90961.50243;1390.73721;7826.64168;20572.58331;2271.49415;3612.71805;2885.93628;2738.36677;2651.73784;1905.92353;609.95993;753.14954;1287.60918;369.04104;22.51240;109.92258;402.59939;444.00883;344.02408;630.29947;1324.35209;630.29947;1062.03725;2781.45583;620.15349;564.73038;2954.11850;510.40308;1524.86114;2439.05756;517.08440;3.96894;7938.68471;455.36973;2820.07718;7938.68471;11838.74269;14552.56431;1422.69906;733.57559;2304.97425;322.35006;5551.43379;1269.03687;1391.33462;3124.76908;1271.88569;1229.03664;952.14394;764.72125;2092.55562;2711.19487;2784.42718;1420.68868;21712.90044;7332.59638;7332.59638;61.35005;2732.19194;328.97458;39.93991;158.37041;0.00000;14.85548;5116.08023;418.30140;12221.84684;2495.98022;14130.61418;7481.66396;5861.01825;7829.06683;13097.70847
473.55369;2878.65590;35.83476;1678.01087;308.80196;57.47289;555.15550;977.08994;1399.57787;182.46152;433.47264;375.38104;318.35884;3875.59525;9911.14164;278.97797;189.62137;146.01177;402.98242;44.88865;257.53744;191.56777;1166.70766;728.28610;3586.84051;329.55927;81.95609;2470.18782;168.83260;1114.58959;9562.17176;218.53980;995.88426;286.26082;787.01506;337.33831;304.44401;189.92872;137.17701;169.86348;178.59738;5.00723;10.94440;79.75655;61.66245;40.60814;397.39925;780.17730;397.39925;460.85521;717.71029;53.95503;133.52017;988.95493;39.22232;251.33317;306.17550;101.97290;3.94933;1167.57080;56.47211;278.36501;1167.57080;2157.53455;3081.86381;179.81038;52.14170;315.14742;53.62881;437.50501;161.72332;212.67755;375.07080;163.43521;93.46887;220.92360;78.92077;281.87265;299.51693;111.01930;234.02651;2153.29276;342.53829;342.53829;3.55954;1059.80202;27.85763;7.92804;54.03099;0.00000;28.53751;866.98143;72.09762;1281.28625;189.62137;1779.79770;977.08994;555.15550;2216.65866;2548.69663
84.92565;768.32654;2.39290;512.64129;242.38378;1.21249;150.83419;103.31565;474.59279;73.07079;45.29555;90.22189;85.24283;564.04421;278.97797;2581.86752;30.81643;35.28979;40.80931;28.61174;58.87379;36.02322;177.77719;89.14479;356.04398;68.15168;8.74270;282.28057;26.95986;175.92223;2528.88224;47.92580;106.41080;116.86659;166.93974;252.16275;281.00773;144.38339;242.04893;158.06587;39.08964;1.13648;3.26307;25.35296;73.27498;25.24888;64.28686;104.82904;64.28686;73.54885;521.19904;49.09925;50.84133;506.98619;6.21318;191.49017;19.66487;36.83383;3.34634;361.38566;55.53308;237.90217;361.38566;517.95469;1073.43566;28.00244;12.48881;23.26087;62.33155;334.70942;38.66118;114.95914;46.16300;25.58600;33.00742;18.22680;7.23574;32.05527;181.95377;22.95625;123.01754;568.28271;144.30014;144.30014;30.59285;108.46273;6.12933;1.20599;77.48015;0.00000;0.00000;300.72702;32.11936;467.68559;30.81643;571.71501;103.31565;150.83419;267.76619;1530.68334
605.92456;2804.52859;32.58015;338.00742;471.03663;38.80326;701.35143;1664.05699;787.00681;93.46532;498.67616;748.83668;61.44848;2495.98022;189.62137;30.81643;4803.97683;635.19810;154.90830;20.12636;163.43872;48.66602;499.36087;335.52727;787.03341;92.67723;72.53846;1344.06380;108.16304;338.53815;2860.38296;514.89839;174.02964;217.25464;2443.61484;497.22241;142.59257;116.27946;183.39694;194.52943;66.91413;4.40653;63.03558;67.07534;167.68639;115.50961;163.07890;771.35886;163.07890;318.24570;556.14383;131.72724;298.02258;1381.56696;90.52604;836.50904;122.00923;17.04454;0.60300;2486.00583;116.81271;681.24772;2486.00583;1829.26197;1551.90392;1033.94049;100.20571;2315.43680;412.48263;1057.09695;498.79350;398.49054;775.31029;501.09800;694.40321;462.82804;509.32372;340.05211;834.01951;283.65093;485.32067;287.26721;1478.06901;1478.06901;2.66516;97.16113;4.28629;3.53365;44.75241;0.00000;2.59662;330.42748;64.88816;223.94609;4803.97683;1675.88451;1664.05699;701.35143;1796.39677;493.10582
488.06591;3889.93952;42.64251;337.56298;1091.91099;395.81127;836.28642;2161.33381;935.46017;464.91304;738.45651;1156.90290;75.20242;4159.47887;146.01177;35.28979;635.19810;10702.57627;323.11297;479.11138;194.83938;896.21595;751.11908;641.87282;1290.42980;98.34734;10.28340;2129.39957;120.78651;461.48149;3845.45875;1108.82152;348.07601;199.49555;3415.61277;1590.39906;291.92619;197.62791;336.59399;292.65365;57.27309;7.86291;61.22485;284.67977;470.47165;319.43635;263.84898;1212.50351;263.84898;408.94248;1183.66044;172.56382;352.22956;2989.83705;320.93897;1382.00479;309.14393;39.77437;0.60300;4338.17848;283.42573;1242.09167;4338.17848;1760.89911;4599.69206;2484.45415;243.81993;2067.85817;1095.52947;1762.81269;658.45932;648.08682;1148.31037;523.02612;1035.11915;462.69603;664.72393;489.31925;793.80452;439.18648;1049.89874;630.76781;2053.09225;2053.09225;3.57454;390.90727;20.99771;1.20599;39.47660;0.00000;0.00000;377.47889;116.72777;443.98985;635.19810;2532.54001;2161.33381;836.28642;1889.64712;560.15395
328.86718;1418.04277;13.65156;496.89098;210.27038;217.28216;781.71176;806.96704;741.23143;165.44416;334.17839;156.40071;113.69863;8694.64627;402.98242;40.80931;154.90830;323.11297;25508.86139;49.28492;238.04500;238.31912;1461.18547;1638.78518;1960.33020;197.94152;24.01209;3467.28084;157.56141;768.49554;1473.51836;225.14947;401.33096;358.90660;245.34829;186.27475;229.62659;52.50354;81.01198;105.57300;111.31715;4.23152;6.02396;29.15639;28.60047;62.52580;53.45143;168.31231;53.45143;43.52143;241.85101;56.96416;66.67932;279.04468;56.52440;141.70366;292.37298;56.38338;0.00000;759.87201;52.60252;238.45992;759.87201;943.88856;1280.94851;119.51255;72.82650;558.87323;89.01237;292.46004;90.84760;145.72045;275.71676;87.63588;146.47288;166.56872;72.57807;231.34648;169.10722;49.88126;137.38164;935.26101;971.57569;971.57569;1.60382;801.60393;28.24049;0.00000;8.07857;0.00000;10.36116;524.51047;21.29937;657.96584;154.90830;954.96642;806.96704;781.71176;697.09312;1121.56729
25.63305;216.24427;2.62379;128.29953;366.60218;13.27619;51.83405;70.20010;81.39328;49.55956;43.82915;68.68022;23.42212;518.99035;44.88865;28.61174;20.12636;479.11138;49.28492;8737.31970;55.77724;31.16104;59.98502;75.19027;99.65988;11.11046;1.79837;327.62941;5.02619;57.40523;554.73456;117.80768;448.85039;67.90813;304.01818;142.37171;79.78736;221.41005;74.16698;168.25101;9.04615;2.00785;5.59199;23.89126;62.38157;235.49273;13.71170;173.10055;13.71170;141.81821;259.56001;17.29965;152.54191;2694.86319;11.00379;147.18743;14.78280;7.91797;0.00000;349.34079;243.95156;79.46710;349.34079;452.90198;365.30923;68.70943;23.77374;66.24125;18.95598;49.92217;16.99816;71.09471;72.27673;19.20926;17.12297;16.96952;15.38129;27.44768;79.36443;21.50290;54.52321;64.08165;297.77254;297.77254;2.38856;12.47137;0.00000;2.32766;8.36343;0.00000;0.00000;363.42214;14.02605;405.76799;20.12636;522.93086;70.20010;51.83405;811.53222;475.14579
1144.01822;2834.45799;22.25852;339.86745;1000.79635;98.16442;782.19425;7085.81353;773.57868;285.68416;1888.75903;347.88857;42.48444;2916.97410;257.53744;58.87379;163.43872;194.83938;238.04500;55.77724;17956.02807;121.99484;1417.23862;555.68672;1174.11083;88.61928;19.44080;947.86214;487.04579;1591.50118;4063.04838;476.37374;288.80473;270.52885;821.30001;423.63991;230.69035;102.87042;66.80775;118.97978;18.64678;0.23460;11.17125;26.23457;121.59573;72.68596;117.10230;200.18017;117.10230;329.89095;415.25356;231.47651;350.36618;1008.45876;60.99644;873.36938;142.57681;37.01258;1.20599;1284.87727;45.39763;300.05899;1284.87727;1615.08519;2832.47757;268.74918;306.59686;979.22388;71.36826;509.55786;54.24057;479.34812;4628.24334;982.75441;1146.40266;386.55130;117.61255;482.46661;372.73783;361.90482;630.47325;805.98553;1215.34171;1215.34171;1.31419;124.24998;8.63530;10.14319;21.91416;0.00000;38.53256;724.50490;91.21768;857.21319;163.43872;2442.50432;7085.81353;782.19425;4758.98753;1365.01984
120.07061;640.61593;14.09062;215.83424;674.57536;62.92511;196.67400;327.70076;340.88291;222.00204;186.26489;236.39775;32.47802;2906.87221;191.56777;36.02322;48.66602;896.21595;238.31912;31.16104;121.99484;8592.29451;955.01584;1147.41353;429.08832;48.33187;8.87953;1433.17177;26.04305;160.76543;1748.26181;148.00107;125.13432;62.16753;149.17180;162.66160;93.24412;86.93621;154.31072;242.32407;13.18453;4.25453;8.41925;38.77481;46.11750;40.06013;38.86305;167.03425;38.86305;247.44480;436.48442;50.52076;246.87543;551.27212;30.54028;395.74328;98.95636;35.09935;0.00000;984.31663;29.64875;256.97072;984.31663;748.24576;902.80754;88.04838;33.38928;225.13320;26.30504;112.47090;35.80681;214.18694;261.56790;85.76955;63.41139;39.32258;39.37623;74.21755;294.27497;33.86640;156.30025;368.99553;370.23383;370.23383;4.94536;91.75112;1.36018;0.00000;17.39313;0.00000;0.00000;339.58168;83.60013;548.59217;48.66602;1132.71940;327.70076;196.67400;1068.68093;573.99733
1363.59847;5345.76308;190.37749;1596.73083;685.17330;468.71450;2621.56832;3363.33106;2104.18743;1663.27598;1632.26245;666.37605;295.16995;20467.11250;1166.70766;177.77719;499.36087;751.11908;1461.18547;59.98502;1417.23862;955.01584;51687.22537;2833.29479;18122.82638;1787.28564;132.47485;6155.41860;355.41102;1700.82551;8521.33049;1695.42266;997.18210;627.66303;1189.19720;1237.37130;369.61775;227.10243;235.44539;266.14782;145.46540;2.11535;78.11298;70.54421;131.96954;171.24160;328.79399;484.80184;328.79399;305.89619;913.85800;147.31510;194.84523;748.30965;89.52750;1964.43430;535.20317;919.08435;0.00000;2439.12142;175.88620;821.88734;2439.12142;7993.00515;5291.74931;302.62891;407.68840;977.47055;135.57642;970.56185;727.08616;1450.45285;1691.81229;659.92804;549.43532;349.22678;268.89697;878.10837;1834.02487;270.35282;1286.06294;3611.10455;1481.74277;1481.74277;27.22463;1252.67784;14.15087;18.15822;37.62524;0.00000;0.00000;1202.88162;155.86980;1963.43788;499.36087;4576.45198;3363.33106;2621.56832;3076.97579;2534.53676
609.19903;2667.64620;63.60808;695.73121;531.37655;689.70720;1243.21840;1143.23361;1132.49339;241.70316;588.83937;315.24853;146.06195;20658.12143;728.28610;89.14479;335.52727;641.87282;1638.78518;75.19027;555.68672;1147.41353;2833.29479;42269.98470;3393.98750;295.20094;33.16651;5613.32706;184.86550;1635.11781;2530.02152;363.86949;464.84181;319.58365;2719.88425;399.02607;265.98829;63.72996;158.72786;170.85358;61.47864;6.66819;19.09675;31.28576;54.88912;63.87806;83.15742;169.33315;83.15742;90.15806;454.18104;121.12745;76.06721;538.10288;82.58430;271.25936;255.55174;74.24709;0.00000;2200.14067;144.83378;746.31426;2200.14067;3388.48955;1872.13737;177.38609;144.86715;372.55048;53.96704;537.81097;140.27789;359.08447;523.23266;333.26329;151.72859;328.03620;288.13320;284.91013;238.30582;123.05263;305.97510;2408.82304;1511.79060;1511.79060;30.02984;653.39506;30.35113;2.75803;34.82681;0.00000;0.00000;800.89418;103.84043;1803.14819;335.52727;1570.23443;1143.23361;1243.21840;1881.72407;2318.44798
3034.05210;10736.08219;221.22987;4278.47519;1781.67710;615.76011;5282.37965;5495.97755;4824.55568;804.82366;2855.23170;2328.30767;1704.60369;22685.77191;3586.84051;356.04398;787.03341;1290.42980;1960.33020;99.65988;1174.11083;429.08832;18122.82638;3393.98750;182848.08639;9131.05180;484.56956;10757.47029;865.15886;4019.21914;29244.45459;2740.45222;2382.48776;2335.79073;2086.22207;3484.96144;1279.66456;552.92416;495.79264;852.66364;552.70887;13.19650;97.65055;261.63168;312.83193;330.00597;940.38990;1087.66717;940.38990;931.70658;1505.74029;323.55802;571.97543;1904.89417;434.81978;1280.56855;1247.19008;5258.57468;14.57356;5298.33902;183.97600;2029.50231;5298.33902;7216.17789;13823.98476;1068.72912;777.79541;1867.04478;263.53251;2416.21534;2301.72368;754.62805;2200.95876;1109.49447;901.77853;835.16962;320.44334;1924.66545;1176.27845;633.70592;1805.12780;7279.87258;3117.28243;3117.28243;152.43985;2490.37174;35.90436;14.75122;164.30371;0.00000;15.57973;3874.44976;291.13446;5554.94633;787.03341;7884.46940;5495.97755;5282.37965;5767.69609;5694.76125
353.27324;1106.06059;6.07759;452.34666;191.82958;33.77396;584.56209;530.29715;440.25033;52.60561;300.88233;201.39160;109.81316;1881.23700;329.55927;68.15168;92.67723;98.34734;197.94152;11.11046;88.61928;48.33187;1787.28564;295.20094;9131.05180;3934.45872;33.89178;953.81102;92.86245;460.35431;1596.10488;253.45856;245.61773;263.42741;139.79471;267.47339;91.83740;34.66008;49.98082;115.60306;52.87353;1.98360;8.21598;22.01584;19.95121;41.75326;114.10946;114.42956;114.10946;50.23776;151.35046;59.80551;72.81348;193.94136;25.48591;107.19538;149.33604;362.34467;0.00000;512.77543;20.93830;234.38790;512.77543;577.40887;1115.16439;127.97865;118.86375;210.88472;23.43731;225.17351;219.55161;48.77635;248.73934;90.63592;69.27430;125.09664;31.70568;173.75234;48.13022;57.39869;185.96490;433.92714;156.11919;156.11919;14.57571;252.11760;7.80461;0.00000;35.94571;0.00000;0.00000;352.28656;16.58692;402.48158;92.67723;752.19715;530.29715;584.56209;437.54109;563.00605
61.80268;350.10309;0.00000;161.65188;44.91210;5.53007;131.26134;118.39072;79.96129;12.37274;74.38717;44.65167;14.85041;122.06785;81.95609;8.74270;72.53846;10.28340;24.01209;1.79837;19.44080;8.87953;132.47485;33.16651;484.56956;33.89178;664.75996;197.63565;17.56069;107.91639;272.21866;82.56585;37.10933;202.86736;34.86518;540.98077;31.43650;10.34274;26.03711;8.47663;11.30217;0.43268;1.02694;2.21444;1.71675;12.40238;4.77639;10.54608;4.77639;12.17500;41.79371;6.42342;6.10046;13.83720;2.65716;27.85124;49.08655;15.22603;0.00000;109.98774;7.20967;78.46492;109.98774;129.76512;170.06733;10.30377;13.19479;34.54154;5.16945;40.84957;57.84447;23.76489;44.95406;26.56327;39.49223;16.91288;9.25713;30.41589;19.70577;9.65018;37.50580;151.58864;43.00651;43.00651;2.69629;52.68179;0.24433;0.00000;6.77753;0.00000;0.00000;67.70732;8.57410;45.20544;72.53846;26.52106;118.39072;131.26134;122.26812;179.28845
3030.28820;9807.88730;105.58539;3915.10755;868.67955;1040.04877;3572.16179;5062.72517;5420.83817;708.25799;2213.96600;1563.76060;634.02243;90961.50243;2470.18782;282.28057;1344.06380;2129.39957;3467.28084;327.62941;947.86214;1433.17177;6155.41860;5613.32706;10757.47029;953.81102;197.63565;43220.63647;935.34326;4858.90370;9886.71635;1334.80089;2084.04631;1601.27659;1633.01021;1743.39977;1933.65709;225.86629;355.94802;615.23237;190.66234;25.60506;48.94380;118.43398;116.04961;202.76501;228.50523;572.03912;228.50523;287.14577;1417.86334;300.90368;270.06394;1748.23864;152.76170;1123.94980;1603.70490;374.52678;2.15995;3877.34541;195.88792;1545.89087;3877.34541;4006.96688;8364.30000;919.10568;619.44209;1779.44880;143.27310;2332.62053;1039.49293;849.77310;1985.30851;722.71508;841.73502;927.26765;258.39056;1667.88184;681.99750;786.06302;928.47169;9834.97310;2626.33680;2626.33680;33.00572;2078.04506;126.29040;5.51606;78.95267;0.00000;11.57103;2503.74922;214.49692;4448.02503;1344.06380;4001.91738;5062.72517;3572.16179;3462.98305;6575.71439
480.47237;1168.73264;9.72398;359.13243;138.21431;52.65817;561.11105;1237.77466;458.91825;109.28542;559.12471;188.72410;36.17290;1390.73721;168.83260;26.95986;108.16304;120.78651;157.56141;5.02619;487.04579;26.04305;355.41102;184.86550;865.15886;92.86245;17.56069;935.34326;2116.44721;335.28623;983.58922;237.48748;171.09532;222.10854;231.35238;157.66228;81.40606;38.70125;27.43646;52.55634;14.56148;3.70101;9.24433;10.82699;43.39316;23.39191;47.49946;67.73270;47.49946;38.68619;105.74844;21.92774;67.07886;150.98214;42.66612;296.36091;172.90407;94.00452;0.00000;496.60301;55.07859;203.47387;496.60301;658.02615;749.65762;114.17221;123.93347;511.67431;12.60348;273.39385;103.10984;132.78986;531.34164;231.48778;150.21435;105.10782;33.58596;234.42280;174.47625;165.74912;185.20358;539.60408;354.77431;354.77431;5.88584;135.71683;5.59387;0.00000;9.30394;0.00000;2.59662;276.51934;11.12768;175.34469;108.16304;375.03214;1237.77466;561.11105;694.87802;884.56863
1430.14388;4472.55141;18.28870;2290.17969;538.92830;369.62632;2254.57290;1914.09696;2088.13760;239.81959;1025.01726;1312.65680;273.24478;7826.64168;1114.58959;175.92223;338.53815;461.48149;768.49554;57.40523;1591.50118;160.76543;1700.82551;1635.11781;4019.21914;460.35431;107.91639;4858.90370;335.28623;16527.68102;6985.84153;901.27998;720.74032;676.62143;841.80435;835.00064;1086.78679;200.46403;89.17661;208.67320;67.97823;15.05211;22.45060;84.59189;81.47243;73.46918;226.88266;323.11761;226.88266;120.03772;556.83720;82.22903;89.41387;718.03740;92.74633;557.61959;828.31144;101.62340;13.66762;3305.27617;118.64848;1811.05035;3305.27617;1922.81280;7218.55959;372.35730;300.98377;1004.14771;72.61683;1810.74622;570.35051;313.73333;821.04680;400.42025;273.30340;289.06699;131.55391;619.28820;184.28097;176.80761;972.95480;2619.88045;1531.44225;1531.44225;20.11937;661.10286;42.96255;20.97846;59.21875;0.00000;1.29831;1301.71655;55.58136;2227.94885;338.53815;1851.60033;1914.09696;2254.57290;1558.66822;2145.44904
3647.19578;22379.53475;338.01003;4394.23758;11404.81727;742.44722;7727.58480;13122.45696;9149.89822;2749.60874;4758.14767;8470.45651;1393.24136;20572.58331;9562.17176;2528.88224;2860.38296;3845.45875;1473.51836;554.73456;4063.04838;1748.26181;8521.33049;2530.02152;29244.45459;1596.10488;272.21866;9886.71635;983.58922;6985.84153;448527.10971;5124.46621;5056.52982;3379.41671;12519.88472;15114.48266;2206.70824;1878.56979;3152.33033;1579.24458;1171.64048;24.63845;131.08095;1531.81376;1772.58568;955.91167;1327.67375;4334.58226;1327.67375;4245.53161;6807.65912;639.47966;5007.15327;35131.06537;961.36745;7763.90402;2459.49683;995.48237;15.19434;28988.08735;1060.70565;7223.47330;28988.08735;17212.17272;48167.03981;4543.84333;975.01042;9468.17876;2673.31748;9871.59647;3283.84989;3421.25642;7875.57780;3646.53409;5238.09964;5504.05677;2886.61298;2632.91802;8582.11031;1864.55828;7339.25878;17047.39920;13990.40692;13990.40692;36.28270;2368.35452;319.77187;85.84092;278.44690;0.00000;9.43209;9275.18458;2369.60753;11052.45015;2860.38296;35861.44901;13122.45696;7727.58480;35913.25434;12874.69019
1374.83138;4702.91636;34.60897;1394.33439;515.40985;158.87306;1613.72363;2796.90256;1525.45211;1535.16752;1105.42336;981.41171;85.72593;2271.49415;218.53980;47.92580;514.89839;1108.82152;225.14947;117.80768;476.37374;148.00107;1695.42266;363.86949;2740.45222;253.45856;82.56585;1334.80089;237.48748;901.27998;5124.46621;8031.81966;556.55776;968.40066;3030.28234;1119.71558;194.09507;298.50260;201.43909;147.87616;44.67953;14.11270;30.32295;37.79647;172.78313;123.15742;138.61861;616.80434;138.61861;340.29978;834.49993;95.19574;112.92417;1985.76434;84.71427;2306.94672;259.40655;50.31103;0.00000;3723.69664;125.11787;1515.16200;3723.69664;2617.58029;3227.62114;932.42108;420.86299;1971.23085;499.54641;1376.38222;581.88743;1488.60330;1638.94013;691.28793;894.99052;518.67538;441.25836;514.74015;1948.75414;607.21489;1563.89675;868.41478;1635.91837;1635.91837;7.82289;213.59622;9.01864;0.00000;30.12902;0.00000;0.00000;673.15450;218.49415;497.28237;514.89839;3044.88220;2796.90256;1613.72363;3036.57800;770.63502
556.64363;1973.19052;87.34701;660.68928;668.38289;129.67196;812.19648;844.92270;975.56790;133.26175;555.68693;367.12061;171.59890;3612.71805;995.88426;106.41080;174.02964;348.07601;401.33096;448.85039;288.80473;125.13432;997.18210;464.84181;2382.48776;245.61773;37.10933;2084.04631;171.09532;720.74032;5056.52982;556.55776;18206.48786;351.28560;872.01015;732.76745;320.41403;126.07763;90.63132;194.42784;83.94820;4.85221;24.28029;101.85777;97.36208;352.14981;171.31174;352.39365;171.31174;214.17659;468.19049;86.88068;177.25421;1076.41246;98.37205;558.61768;276.75307;81.67231;16.42565;878.82764;31.01634;298.27781;878.82764;1909.31051;2460.77274;219.24151;102.89081;327.18804;46.46157;474.72304;278.21506;234.76703;482.20720;178.14510;166.98756;185.10900;74.71684;630.37916;184.97519;105.42457;254.50752;1591.39852;429.73556;429.73556;12.84073;513.57227;18.05424;9.03769;58.68070;0.00000;5.53715;735.24687;113.80317;1684.33123;174.02964;1932.29213;844.92270;812.19648;892.05956;2600.23009
854.05709;1811.79779;17.99809;653.53572;651.29774;73.14406;1286.03808;1282.32266;1090.36504;655.37527;810.99727;402.93412;353.00053;2885.93628;286.26082;116.86659;217.25464;199.49555;358.90660;67.90813;270.52885;62.16753;627.66303;319.58365;2335.79073;263.42741;202.86736;1601.27659;222.10854;676.62143;3379.41671;968.40066;351.28560;7472.06507;370.77800;493.11535;263.06571;94.04974;455.96340;399.62565;78.83888;6.91777;16.35048;109.84389;83.35658;228.27812;392.92160;376.69169;392.92160;269.10419;468.28182;273.06207;130.18969;693.10166;81.34748;775.51885;365.75687;62.42822;4.92289;964.56234;58.45019;371.27033;964.56234;625.90386;2046.42234;252.36684;163.35838;410.24660;176.50067;539.89923;284.14488;295.51627;449.13960;244.41887;346.51091;183.49383;402.75908;306.05472;260.10781;165.66893;252.33646;918.09645;661.08702;661.08702;8.64693;280.43606;31.96306;1.20599;56.08594;0.00000;0.00000;2252.34588;299.68616;794.57200;217.25464;825.97981;1282.32266;1286.03808;704.49973;2080.24849
832.11112;10080.08784;25.70746;1012.17195;2065.53825;202.32497;1705.41261;7069.35715;2849.42396;1026.72615;1175.97770;2593.34992;258.49943;2738.36677;787.01506;166.93974;2443.61484;3415.61277;245.34829;304.01818;821.30001;149.17180;1189.19720;2719.88425;2086.22207;139.79471;34.86518;1633.01021;231.35238;841.80435;12519.88472;3030.28234;872.01015;370.77800;33010.87051;2986.54917;429.04882;192.52218;490.91052;312.75110;119.14393;12.59324;44.09672;156.45966;803.62408;197.66971;509.32551;3766.42997;509.32551;1763.10846;1954.79000;1041.72523;700.20763;5574.82426;228.68553;2375.07290;513.28658;97.10080;4.71801;12343.53436;146.88961;2944.34786;12343.53436;4379.92291;12041.71122;3477.20946;926.30398;10053.19316;1365.04527;3284.26290;1382.32412;1122.80921;2895.21436;1820.21978;3053.20902;1463.15868;1716.85760;934.38631;3543.32823;1386.00771;3809.82508;1460.34629;3987.44682;3987.44682;11.60655;378.42923;7.10120;5.86132;102.60644;0.00000;0.00000;1469.41310;200.08834;901.01504;2443.61484;7945.92562;7069.35715;1705.41261;4716.12474;966.04830
507.62524;6484.11706;91.91942;1649.61145;2995.25615;240.82237;1490.72266;2162.18926;1688.88162;813.65764;832.37639;2654.58839;214.24600;2651.73784;337.33831;252.16275;497.22241;1590.39906;186.27475;142.37171;423.63991;162.66160;1237.37130;399.02607;3484.96144;267.47339;540.98077;1743.39977;157.66228;835.00064;15114.48266;1119.71558;732.76745;493.11535;2986.54917;37287.57745;798.96380;781.22804;4090.49336;515.58210;370.47388;10.25500;62.63949;778.34849;1193.82535;749.87729;519.21217;2087.28908;519.21217;597.45431;5480.20578;241.05776;1378.85415;5672.59349;936.41593;1700.12268;837.47102;181.88351;1.37167;8109.77674;627.05464;2579.68934;8109.77674;3346.19849;16424.83591;2237.56843;318.43853;2477.72057;4719.42616;3100.44833;597.50477;540.24442;1886.10585;764.99994;1123.86748;468.18627;545.60833;434.30609;879.48620;657.12896;1597.10883;1295.36534;4995.79827;4995.79827;11.98233;414.98485;3.73129;16.29362;143.85966;0.00000;0.00000;1174.60919;246.99923;800.66816;497.22241;6622.62647;2162.18926;1490.72266;6370.47395;1281.82644
349.61550;1410.36480;17.36487;525.74772;1350.18001;49.90174;877.01431;895.56467;6113.85555;329.44242;271.24528;495.51780;303.35099;1905.92353;304.44401;281.00773;142.59257;291.92619;229.62659;79.78736;230.69035;93.24412;369.61775;265.98829;1279.66456;91.83740;31.43650;1933.65709;81.40606;1086.78679;2206.70824;194.09507;320.41403;263.06571;429.04882;798.96380;12922.04235;343.01085;530.09545;711.49356;131.51480;14.35913;86.78763;401.03940;276.27358;599.24570;323.81394;748.34348;323.81394;285.57444;2835.72747;934.02121;341.52499;1719.16968;178.55026;811.08626;174.70881;51.56931;3.34634;2338.13036;348.83858;378.53088;2338.13036;580.48620;4249.91118;770.99934;86.54921;369.24967;322.81668;580.41146;162.11742;938.63339;338.35001;154.01917;321.08063;100.81138;90.95174;256.65079;413.83559;149.32325;396.50493;758.53594;418.52267;418.52267;7.74873;78.56789;3.51804;3.96402;66.55469;0.00000;0.00000;592.90893;168.62755;609.63085;142.59257;956.18093;895.56467;877.01431;865.89733;1464.45536
154.74656;871.29156;6.64043;228.18729;1153.25341;43.51225;354.52301;349.82503;531.23012;164.86804;170.84336;330.56691;135.10460;609.95993;189.92872;144.38339;116.27946;197.62791;52.50354;221.41005;102.87042;86.93621;227.10243;63.72996;552.92416;34.66008;10.34274;225.86629;38.70125;200.46403;1878.56979;298.50260;126.07763;94.04974;192.52218;781.22804;343.01085;2585.54926;288.50382;622.65129;156.51390;13.56615;127.56324;291.91903;318.51348;465.05466;363.15441;790.23247;363.15441;325.79947;1402.26699;187.23049;364.18479;1050.06109;163.22990;502.99800;22.11003;67.27443;4.11501;1437.66918;201.98817;532.85409;1437.66918;963.96557;2322.82546;540.30989;25.46960;364.43979;733.32685;601.15584;117.73630;274.35193;205.43634;74.36207;115.78201;60.42904;75.21411;66.95420;313.46227;29.60011;172.12176;344.04320;317.77263;317.77263;3.03655;43.89709;0.00000;0.00000;40.52401;0.00000;2.94053;1015.82849;112.95781;230.33734;116.27946;950.63607;349.82503;354.52301;817.08554;599.17982
131.47371;1828.50809;53.17704;272.52552;1173.01988;70.42605;219.72184;511.50308;1645.12898;329.87411;185.14480;950.96291;152.41198;753.14954;137.17701;242.04893;183.39694;336.59399;81.01198;74.16698;66.80775;154.31072;235.44539;158.72786;495.79264;49.98082;26.03711;355.94802;27.43646;89.17661;3152.33033;201.43909;90.63132;455.96340;490.91052;4090.49336;530.09545;288.50382;15301.82950;780.43379;96.53661;6.42069;38.61328;204.08137;386.23150;584.93561;301.08179;760.24368;301.08179;316.27698;2304.59533;537.55303;340.40623;1668.31628;216.90206;710.05945;153.64249;32.32757;0.00000;2189.13509;331.45181;1196.69569;2189.13509;1214.40682;4078.61310;586.29608;64.76177;669.76100;909.15330;766.37263;100.27061;310.64701;397.73293;132.96752;257.71493;188.78007;405.45703;73.64113;864.60502;403.61584;414.30778;308.40925;1914.67127;1914.67127;2.38003;95.71069;0.00000;0.00000;30.58203;0.00000;0.00000;1048.20204;129.64953;418.85433;183.39694;1296.92960;511.50308;219.72184;1564.12166;1030.76478
279.67787;1027.58806;11.42873;462.89593;3225.67253;39.58466;449.84487;743.09166;949.66687;589.51340;277.57031;457.07620;285.28895;1287.60918;169.86348;158.06587;194.52943;292.65365;105.57300;168.25101;118.97978;242.32407;266.14782;170.85358;852.66364;115.60306;8.47663;615.23237;52.55634;208.67320;1579.24458;147.87616;194.42784;399.62565;312.75110;515.58210;711.49356;622.65129;780.43379;14198.38890;246.56946;21.83176;189.57442;633.90916;770.34194;833.60908;554.35397;1144.44737;554.35397;943.98492;4845.95769;678.08521;954.59849;1821.69853;192.34494;1188.37418;57.10748;103.37606;2.74334;1953.09265;752.63804;405.87861;1953.09265;947.89228;3316.36614;566.27159;106.88118;415.93585;580.65380;496.87267;103.83129;600.91296;412.70934;94.15894;280.37721;105.35731;183.38002;132.92165;366.69800;82.87638;676.05316;383.52541;495.45298;495.45298;3.57604;78.34673;1.53233;2.32766;83.54317;0.00000;0.00000;1885.34259;392.53852;438.37855;194.52943;1231.27044;743.09166;449.84487;527.46696;1011.06369
86.93698;403.93483;3.33649;117.36019;934.79156;7.17068;103.98939;182.89821;234.78738;68.91889;35.68654;107.61768;185.64620;369.04104;178.59738;39.08964;66.91413;57.27309;111.31715;9.04615;18.64678;13.18453;145.46540;61.47864;552.70887;52.87353;11.30217;190.66234;14.56148;67.97823;1171.64048;44.67953;83.94820;78.83888;119.14393;370.47388;131.51480;156.51390;96.53661;246.56946;699.35460;11.11357;35.10587;120.86670;174.22025;217.27163;419.69605;603.58066;419.69605;277.33992;489.33640;88.08910;399.38897;486.75374;171.33110;231.04708;51.42896;94.32630;1.20599;592.73038;65.15064;168.24085;592.73038;372.24768;835.41199;179.12026;16.40000;149.96727;178.11840;210.21262;60.71267;104.47260;53.20184;22.09978;59.27256;43.06687;42.56376;28.04153;89.52198;22.60612;62.42985;121.06983;119.17457;119.17457;3.67612;74.14434;0.00000;2.41199;45.80543;0.00000;0.00000;163.24035;93.22798;212.63703;66.91413;360.20832;182.89821;103.98939;351.17038;642.48660
15.96400;56.24143;0.00000;17.47091;74.68689;0.19809;17.27174;25.01532;23.68144;5.63681;9.51293;13.17839;14.86038;22.51240;5.00723;1.13648;4.40653;7.86291;4.23152;2.00785;0.23460;4.25453;2.11535;6.66819;13.19650;1.98360;0.43268;25.60506;3.70101;15.05211;24.63845;14.11270;4.85221;6.91777;12.59324;10.25500;14.35913;13.56615;6.42069;21.83176;11.11357;18.38832;3.06617;9.99970;10.15039;20.95088;14.27160;23.19683;14.27160;9.53351;46.09737;12.36144;19.18908;42.00929;8.44867;37.00856;3.72254;0.00000;0.00000;43.96661;8.71430;23.32002;43.96661;7.47189;76.95932;14.04325;4.97700;12.67677;8.91691;14.00320;2.91858;15.16031;10.39034;5.63642;7.09777;2.91706;3.22986;7.03054;5.23312;3.41274;5.86937;29.32635;3.83235;3.83235;0.90188;1.62882;0.00000;0.00000;18.42737;0.00000;0.00000;11.87965;10.42395;16.82766;4.40653;13.19590;25.01532;17.27174;10.93616;48.81493
50.01091;109.06643;0.00000;13.24054;707.19916;7.33847;62.09050;155.71668;86.92805;25.27675;33.02139;58.94303;40.01846;109.92258;10.94440;3.26307;63.03558;61.22485;6.02396;5.59199;11.17125;8.41925;78.11298;19.09675;97.65055;8.21598;1.02694;48.94380;9.24433;22.45060;131.08095;30.32295;24.28029;16.35048;44.09672;62.63949;86.78763;127.56324;38.61328;189.57442;35.10587;3.06617;523.37147;196.97508;67.55968;278.74999;124.90705;298.10788;124.90705;156.97167;281.00568;53.51482;269.60414;285.45225;192.02800;179.08070;4.55013;14.49429;0.00000;252.15862;118.52114;86.26276;252.15862;80.39615;303.45471;91.08461;35.43570;105.90665;111.82069;119.14529;2.22887;51.83766;70.41531;23.64808;30.70095;10.58487;24.70529;28.75352;36.60590;7.65380;16.96139;24.63669;31.26511;31.26511;1.49614;5.46732;0.00000;0.00000;8.40867;0.00000;0.00000;143.25744;31.12369;53.39522;63.03558;56.11322;155.71668;62.09050;30.77981;71.47612
121.58280;387.86923;14.58043;95.18679;1333.64596;31.72598;160.55404;326.51472;309.10577;182.72967;98.20415;155.79320;136.69613;402.59939;79.75655;25.35296;67.07534;284.67977;29.15639;23.89126;26.23457;38.77481;70.54421;31.28576;261.63168;22.01584;2.21444;118.43398;10.82699;84.59189;1531.81376;37.79647;101.85777;109.84389;156.45966;778.34849;401.03940;291.91903;204.08137;633.90916;120.86670;9.99970;196.97508;4157.30459;293.00343;804.35721;553.57849;815.84867;553.57849;298.82032;1088.45973;142.42928;441.65443;1709.41108;202.82720;606.29807;35.67935;8.34312;6.87304;1269.62215;227.07686;371.19737;1269.62215;247.43037;2465.05422;1641.35800;21.51988;177.54715;640.21563;622.71793;65.31996;217.24536;131.42433;39.60014;148.54292;47.78316;99.02136;88.49265;145.61205;39.21490;69.44123;109.22076;173.58891;173.58891;7.25456;73.83741;2.75803;2.75803;34.41575;0.00000;0.00000;418.71530;153.59450;159.52874;67.07534;362.64591;326.51472;160.55404;204.44331;232.71273
92.44312;1213.17813;8.13788;114.00921;1653.56069;53.42911;410.63918;833.75211;405.41452;180.57253;165.04937;289.32368;103.20670;444.00883;61.66245;73.27498;167.68639;470.47165;28.60047;62.38157;121.59573;46.11750;131.96954;54.88912;312.83193;19.95121;1.71675;116.04961;43.39316;81.47243;1772.58568;172.78313;97.36208;83.35658;803.62408;1193.82535;276.27358;318.51348;386.23150;770.34194;174.22025;10.15039;67.55968;293.00343;1802.80751;433.52585;364.74658;803.29043;364.74658;248.66361;1516.86236;222.11912;899.89918;1748.10058;329.67006;654.57291;185.00931;62.46613;4.12970;2793.91311;751.79732;1177.79897;2793.91311;624.72446;2621.60935;1254.66884;73.58748;814.80305;1153.38513;1148.22483;183.16785;198.67938;367.35089;167.09128;496.15363;99.97690;261.59969;61.50611;302.22471;81.08471;385.21875;168.42673;456.55564;456.55564;21.95217;33.64139;2.75803;2.75803;68.55939;0.00000;2.94053;240.20186;151.21735;211.18471;167.68639;1077.74090;833.75211;410.63918;556.20856;271.37411
151.58512;584.26909;14.06118;153.99216;2375.10128;54.88156;273.54337;564.78533;489.53482;129.45590;86.51209;185.00280;332.11905;344.02408;40.60814;25.24888;115.50961;319.43635;62.52580;235.49273;72.68596;40.06013;171.24160;63.87806;330.00597;41.75326;12.40238;202.76501;23.39191;73.46918;955.91167;123.15742;352.14981;228.27812;197.66971;749.87729;599.24570;465.05466;584.93561;833.60908;217.27163;20.95088;278.74999;804.35721;433.52585;2880.77882;685.39406;1015.29525;685.39406;534.18683;1558.25953;393.05468;887.02656;1728.37469;452.20133;781.84059;39.19596;21.28330;2.15995;1759.35438;350.12326;466.75729;1759.35438;377.90599;2309.44535;763.73262;63.82938;404.92744;924.59316;881.83345;44.80413;212.00184;117.34412;95.95243;109.34482;42.64834;170.64428;51.50607;141.39438;33.36821;85.66412;174.84957;176.22120;176.22120;6.08728;42.26065;1.50511;0.00000;59.37777;0.00000;0.00000;748.03394;154.51795;276.18124;115.50961;454.88204;564.78533;273.54337;167.23370;579.29594
216.64436;889.46826;127.09162;402.67238;1416.30567;104.38761;301.48338;532.78378;477.51643;162.80564;138.75340;304.58796;343.74197;630.29947;397.39925;64.28686;163.07890;263.84898;53.45143;13.71170;117.10230;38.86305;328.79399;83.15742;940.38990;114.10946;4.77639;228.50523;47.49946;226.88266;1327.67375;138.61861;171.31174;392.92160;509.32551;519.21217;323.81394;363.15441;301.08179;554.35397;419.69605;14.27160;124.90705;553.57849;364.74658;685.39406;5493.18425;3920.78761;5493.18425;1202.31818;1377.01960;172.25648;618.95675;1227.29759;171.83646;494.25729;49.11141;59.07856;52.40253;2173.67324;232.71896;508.17553;2173.67324;1129.51725;2102.36850;532.04087;50.20936;385.21565;652.34007;788.97036;243.96686;141.05222;253.38798;85.74988;87.02719;80.68970;141.69969;71.56700;299.63146;43.01216;311.11431;333.99252;252.50713;252.50713;106.64261;320.63429;52.40253;54.73020;89.05449;0.00000;0.00000;677.81222;168.80858;457.47281;163.07890;893.55560;532.78378;301.48338;454.51945;804.73555
470.85480;2813.42509;42.56581;613.88577;3312.59401;117.37792;696.24531;1649.97040;970.59266;483.64038;338.58167;1469.66747;545.38089;1324.35209;780.17730;104.82904;771.35886;1212.50351;168.31231;173.10055;200.18017;167.03425;484.80184;169.33315;1087.66717;114.42956;10.54608;572.03912;67.73270;323.11761;4334.58226;616.80434;352.39365;376.69169;3766.42997;2087.28908;748.34348;790.23247;760.24368;1144.44737;603.58066;23.19683;298.10788;815.84867;803.29043;1015.29525;3920.78761;12687.07702;3920.78761;4011.94668;4949.53516;471.89081;1576.92379;4232.40920;583.89235;2143.30037;192.94245;114.68097;11.03211;7090.96438;554.81372;1390.44306;7090.96438;3379.77528;6182.50367;1973.69015;125.81641;2171.75873;2077.18180;2161.84701;401.15346;779.43841;600.46972;317.43081;644.05906;376.56506;747.75932;133.86008;1680.07507;171.64725;1285.61837;612.70613;1834.48117;1834.48117;26.19025;318.53404;11.03211;11.03211;102.26769;0.00000;0.00000;1005.21778;567.87086;790.33307;771.35886;4001.45927;1649.97040;696.24531;2209.54169;1150.04200
216.64436;889.46826;127.09162;402.67238;1416.30567;104.38761;301.48338;532.78378;477.51643;162.80564;138.75340;304.58796;343.74197;630.29947;397.39925;64.28686;163.07890;263.84898;53.45143;13.71170;117.10230;38.86305;328.79399;83.15742;940.38990;114.10946;4.77639;228.50523;47.49946;226.88266;1327.67375;138.61861;171.31174;392.92160;509.32551;519.21217;323.81394;363.15441;301.08179;554.35397;419.69605;14.27160;124.90705;553.57849;364.74658;685.39406;5493.18425;3920.78761;5493.18425;1202.31818;1377.01960;172.25648;618.95675;1227.29759;171.83646;494.25729;49.11141;59.07856;52.40253;2173.67324;232.71896;508.17553;2173.67324;1129.51725;2102.36850;532.04087;50.20936;385.21565;652.34007;788.97036;243.96686;141.05222;253.38798;85.74988;87.02719;80.68970;141.69969;71.56700;299.63146;43.01216;311.11431;333.99252;252.50713;252.50713;106.64261;320.63429;52.40253;54.73020;89.05449;0.00000;0.00000;677.81222;168.80858;457.47281;163.07890;893.55560;532.78378;301.48338;454.51945;804.73555
164.19661;953.19154;22.04434;284.10240;3125.45162;61.28279;133.95946;782.92592;470.41918;470.81055;105.26347;614.61215;325.38486;1062.03725;460.85521;73.54885;318.24570;408.94248;43.52143;141.81821;329.89095;247.44480;305.89619;90.15806;931.70658;50.23776;12.17500;287.14577;38.68619;120.03772;4245.53161;340.29978;214.17659;269.10419;1763.10846;597.45431;285.57444;325.79947;316.27698;943.98492;277.33992;9.53351;156.97167;298.82032;248.66361;534.18683;1202.31818;4011.94668;1202.31818;12029.21004;1954.20973;228.01101;1443.64499;7580.13382;246.05700;1116.31706;29.76514;12.06472;9.24279;3376.93625;192.44147;477.77296;3376.93625;1890.83106;2458.61098;516.83091;42.86305;824.13318;406.53306;1020.76179;155.75992;397.43905;360.29145;95.30072;137.57667;697.76918;216.71337;55.97997;1102.04928;57.27554;410.94344;229.69281;731.66695;731.66695;5.07321;75.23770;0.93622;1.20599;55.34404;0.00000;0.00000;1167.96230;314.99982;584.13014;318.24570;2571.30513;782.92592;133.95946;2391.76950;1076.15416
673.55057;5224.73475;25.78648;940.23816;5579.14317;168.52577;931.23089;2851.84109;2493.69720;513.09587;630.85644;2725.07157;760.03096;2781.45583;717.71029;521.19904;556.14383;1183.66044;241.85101;259.56001;415.25356;436.48442;913.85800;454.18104;1505.74029;151.35046;41.79371;1417.86334;105.74844;556.83720;6807.65912;834.49993;468.19049;468.28182;1954.79000;5480.20578;2835.72747;1402.26699;2304.59533;4845.95769;489.33640;46.09737;281.00568;1088.45973;1516.86236;1558.25953;1377.01960;4949.53516;1377.01960;1954.20973;43215.69986;1376.72166;1845.44859;16554.29266;831.69197;3924.45733;110.54420;138.86976;18.46597;6174.35829;2348.15608;2060.48733;6174.35829;3590.18888;11684.75523;2815.79525;314.37788;2919.19523;3911.98324;2830.69732;455.24061;1356.00730;1337.65464;521.33042;1380.26884;491.66758;758.67871;323.83296;1799.89391;401.38006;1359.40956;1631.22592;2650.11193;2650.11193;8.40101;269.16550;0.45339;1.20599;188.01859;0.00000;0.00000;1629.41412;969.44936;1311.64612;556.14383;4918.31446;2851.84109;931.23089;2790.14497;2113.33831
117.67031;1246.08730;16.93448;141.74351;1212.38370;53.21293;158.90841;981.89790;669.75544;360.57533;161.85371;470.14899;437.82050;620.15349;53.95503;49.09925;131.72724;172.56382;56.96416;17.29965;231.47651;50.52076;147.31510;121.12745;323.55802;59.80551;6.42342;300.90368;21.92774;82.22903;639.47966;95.19574;86.88068;273.06207;1041.72523;241.05776;934.02121;187.23049;537.55303;678.08521;88.08910;12.36144;53.51482;142.42928;222.11912;393.05468;172.25648;471.89081;172.25648;228.01101;1376.72166;2950.25279;244.51503;1012.48612;101.64055;726.59432;10.53841;53.74312;0.00000;771.83490;115.42179;216.26671;771.83490;411.22820;2192.73777;458.03141;195.67426;1036.59954;176.58384;464.42776;50.33956;512.97859;434.67881;128.30630;757.30127;103.96281;157.72797;167.18566;238.07918;159.83803;629.21357;261.37688;340.11996;340.11996;3.53177;34.58383;0.00000;0.00000;34.29410;0.00000;0.00000;1175.57454;267.95646;217.40088;131.72724;1020.42247;981.89790;158.90841;494.20800;795.49669
207.75485;653.00461;8.27820;208.63825;5037.20896;54.50408;246.56207;734.21633;334.36917;126.86898;170.27514;644.85881;189.94328;564.73038;133.52017;50.84133;298.02258;352.22956;66.67932;152.54191;350.36618;246.87543;194.84523;76.06721;571.97543;72.81348;6.10046;270.06394;67.07886;89.41387;5007.15327;112.92417;177.25421;130.18969;700.20763;1378.85415;341.52499;364.18479;340.40623;954.59849;399.38897;19.18908;269.60414;441.65443;899.89918;887.02656;618.95675;1576.92379;618.95675;1443.64499;1845.44859;244.51503;5294.56617;2847.37435;642.93383;702.36675;43.17707;50.36553;2.75803;4091.27447;1680.47356;762.92369;4091.27447;1057.22281;2509.18818;827.06807;113.63517;558.88932;840.21819;853.70254;41.49065;155.36150;175.53297;94.19975;129.20091;881.69409;116.55742;85.27144;301.37463;51.68641;127.62198;186.54677;513.97241;513.97241;10.38069;107.60796;2.75803;2.75803;93.65258;0.00000;0.00000;824.82778;249.58191;819.65639;298.02258;2497.00255;734.21633;246.56207;3097.86029;661.78031
667.56631;8278.74187;70.77876;679.87896;9371.25815;187.40893;1010.87474;6212.54297;3840.97271;687.34094;984.80546;3255.14162;1426.75551;2954.11850;988.95493;506.98619;1381.56696;2989.83705;279.04468;2694.86319;1008.45876;551.27212;748.30965;538.10288;1904.89417;193.94136;13.83720;1748.23864;150.98214;718.03740;35131.06537;1985.76434;1076.41246;693.10166;5574.82426;5672.59349;1719.16968;1050.06109;1668.31628;1821.69853;486.75374;42.00929;285.45225;1709.41108;1748.10058;1728.37469;1227.29759;4232.40920;1227.29759;7580.13382;16554.29266;1012.48612;2847.37435;152978.76690;2176.70595;4695.58739;179.28474;124.35249;3.53162;16368.29432;946.30528;3826.39495;16368.29432;5988.58756;13983.17352;4779.92102;291.67348;4995.58396;3696.03934;4590.63437;1092.30748;1664.24205;3256.47851;1164.97737;2720.08288;1431.48396;2263.38370;457.38673;3113.93063;625.98034;2273.88110;1542.20449;4492.67396;4492.67396;14.87016;334.15035;0.45339;8.60732;214.61244;0.00000;0.00000;3856.40393;3245.78127;2202.89274;1381.56696;10418.66906;6212.54297;1010.87474;13683.92300;3690.54380
87.07194;539.48737;11.08417;76.06037;2344.78657;48.90789;209.76533;373.92521;210.62129;61.96847;155.80591;262.22296;60.40768;510.40308;39.22232;6.21318;90.52604;320.93897;56.52440;11.00379;60.99644;30.54028;89.52750;82.58430;434.81978;25.48591;2.65716;152.76170;42.66612;92.74633;961.36745;84.71427;98.37205;81.34748;228.68553;936.41593;178.55026;163.22990;216.90206;192.34494;171.33110;8.44867;192.02800;202.82720;329.67006;452.20133;171.83646;583.89235;171.83646;246.05700;831.69197;101.64055;642.93383;2176.70595;4136.57168;361.10550;59.62484;12.81129;0.00000;1312.58471;237.28625;501.98941;1312.58471;341.94815;1866.11686;578.23982;26.53631;402.69433;583.17872;622.07439;67.22518;166.94884;322.98279;87.47076;124.40970;58.17699;119.19993;52.10711;151.70496;26.87520;85.83800;172.77627;571.35467;571.35467;4.37991;22.69210;0.00000;25.11865;83.56123;0.00000;0.00000;186.46324;72.76223;269.39071;90.52604;306.74925;373.92521;209.76533;331.79935;438.91812
1663.76935;7826.08190;35.79452;628.74276;2839.92433;126.97259;1861.34280;4764.24722;2251.07545;2255.85479;1420.88187;2646.26561;343.93169;1524.86114;251.33317;191.49017;836.50904;1382.00479;141.70366;147.18743;873.36938;395.74328;1964.43430;271.25936;1280.56855;107.19538;27.85124;1123.94980;296.36091;557.61959;7763.90402;2306.94672;558.61768;775.51885;2375.07290;1700.12268;811.08626;502.99800;710.05945;1188.37418;231.04708;37.00856;179.08070;606.29807;654.57291;781.84059;494.25729;2143.30037;494.25729;1116.31706;3924.45733;726.59432;702.36675;4695.58739;361.10550;14521.27574;251.79089;42.69207;2.76294;4936.97487;715.68246;1615.86810;4936.97487;5731.76869;12094.78640;1774.91171;653.97032;3137.18283;1171.93775;2572.61674;558.19966;4617.48700;2642.94660;846.45088;2254.35642;946.30482;889.07231;696.88927;3860.14833;597.55174;2058.10614;1531.36130;3375.87850;3375.87850;9.78150;180.26122;3.35798;1.20599;137.42869;0.00000;0.00000;981.05848;586.39771;901.15446;836.50904;8464.73179;4764.24722;1861.34280;4818.47203;1808.62595
339.57352;1192.42360;1.66962;454.38659;300.33186;165.53629;724.67833;614.12579;504.82254;126.29563;327.33748;405.52051;107.48985;2439.05756;306.17550;19.66487;122.00923;309.14393;292.37298;14.78280;142.57681;98.95636;535.20317;255.55174;1247.19008;149.33604;49.08655;1603.70490;172.90407;828.31144;2459.49683;259.40655;276.75307;365.75687;513.28658;837.47102;174.70881;22.11003;153.64249;57.10748;51.42896;3.72254;4.55013;35.67935;185.00931;39.19596;49.11141;192.94245;49.11141;29.76514;110.54420;10.53841;43.17707;179.28474;59.62484;251.79089;2950.36401;9.03148;0.00000;953.95559;15.89906;463.61882;953.95559;382.52972;1612.09273;400.88395;86.96793;308.08038;26.92077;360.77243;198.92000;182.55793;210.08452;127.95683;141.30946;118.79546;77.28552;171.16274;39.04804;59.80008;183.04128;376.14513;245.03816;245.03816;5.13223;466.11840;10.30438;0.00000;12.22872;0.00000;0.00000;225.23500;15.35294;249.37247;122.00923;466.15313;614.12579;724.67833;320.26675;394.17435
70.48981;452.44195;7.17108;199.43065;80.22234;80.48533;289.86937;159.95457;130.09835;52.33951;87.79822;127.39637;163.29416;517.08440;101.97290;36.83383;17.04454;39.77437;56.38338;7.91797;37.01258;35.09935;919.08435;74.24709;5258.57468;362.34467;15.22603;374.52678;94.00452;101.62340;995.48237;50.31103;81.67231;62.42822;97.10080;181.88351;51.56931;67.27443;32.32757;103.37606;94.32630;0.00000;14.49429;8.34312;62.46613;21.28330;59.07856;114.68097;59.07856;12.06472;138.86976;53.74312;50.36553;124.35249;12.81129;42.69207;9.03148;4836.06378;0.60300;400.96710;12.69522;114.12783;400.96710;604.11682;585.47374;66.63320;11.83902;104.46606;155.63055;71.08461;146.93100;22.02047;54.70954;7.92527;58.08198;90.37514;49.13562;149.56129;34.03656;10.45355;79.25997;275.92308;172.55266;172.55266;0.32076;74.18043;1.50511;1.20599;13.19761;0.00000;1.29831;510.02648;34.56212;166.14879;17.04454;682.29186;159.95457;289.86937;162.07556;385.54812
0.00000;5.92400;6.72205;5.50137;3.96894;0.00000;2.76294;3.96894;13.13330;0.00000;2.57766;0.00000;4.31989;3.96894;3.94933;3.34634;0.60300;0.60300;0.00000;0.00000;1.20599;0.00000;0.00000;0.00000;14.57356;0.00000;0.00000;2.15995;0.00000;13.66762;15.19434;0.00000;16.42565;4.92289;4.71801;1.37167;3.34634;4.11501;0.00000;2.74334;1.20599;0.00000;0.00000;6.87304;4.12970;2.15995;52.40253;11.03211;52.40253;9.24279;18.46597;0.00000;2.75803;3.53162;0.00000;2.76294;0.00000;0.60300;19.18859;3.94933;0.00000;0.00000;3.94933;7.47603;49.89087;0.00000;0.00000;0.00000;1.97467;4.71801;2.15995;0.60300;0.60300;0.00000;0.60300;0.00000;0.00000;1.97467;7.46134;1.80899;0.60300;1.37167;6.63297;6.63297;5.51606;5.51606;2.75803;3.96402;7.49564;0.00000;0.00000;2.15995;0.00000;2.41199;0.60300;7.31527;3.96894;2.76294;12.60873;10.43403
1505.17244;24831.55291;129.36041;7497.15226;9280.82837;903.23101;3688.39493;7865.49718;5952.00165;1989.46699;1900.33458;8011.53568;682.74656;7938.68471;1167.57080;361.38566;2486.00583;4338.17848;759.87201;349.34079;1284.87727;984.31663;2439.12142;2200.14067;5298.33902;512.77543;109.98774;3877.34541;496.60301;3305.27617;28988.08735;3723.69664;878.82764;964.56234;12343.53436;8109.77674;2338.13036;1437.66918;2189.13509;1953.09265;592.73038;43.96661;252.15862;1269.62215;2793.91311;1759.35438;2173.67324;7090.96438;2173.67324;3376.93625;6174.35829;771.83490;4091.27447;16368.29432;1312.58471;4936.97487;953.95559;400.96710;3.94933;85544.81875;1352.74332;22438.07258;85544.81875;18415.35400;16319.83942;6832.81437;841.55704;8584.81812;5549.51692;8427.92810;2227.23523;2727.60213;4407.31760;2055.27719;3406.35292;3185.99054;2248.86465;969.24900;3902.13463;1618.69793;3777.76936;2339.13034;9379.43326;9379.43326;16.43418;1117.57332;30.40029;49.94412;234.13923;0.00000;1.29831;3707.18476;1050.24010;2675.41750;2486.00583;14363.93148;7865.49718;3688.39493;18968.42404;2475.66988
250.29602;703.28200;4.76797;160.70936;989.29256;37.62506;233.04927;757.39715;282.84830;92.75744;236.59364;361.30726;116.67775;455.36973;56.47211;55.53308;116.81271;283.42573;52.60252;243.95156;45.39763;29.64875;175.88620;144.83378;183.97600;20.93830;7.20967;195.88792;55.07859;118.64848;1060.70565;125.11787;31.01634;58.45019;146.88961;627.05464;348.83858;201.98817;331.45181;752.63804;65.15064;8.71430;118.52114;227.07686;751.79732;350.12326;232.71896;554.81372;232.71896;192.44147;2348.15608;115.42179;1680.47356;946.30528;237.28625;715.68246;15.89906;12.69522;0.00000;1352.74332;3093.53901;411.66658;1352.74332;532.60139;1716.56271;543.48988;188.05185;603.74623;487.70439;586.98226;56.27007;216.70182;342.72612;152.02753;234.43380;53.63300;105.14780;95.38316;187.36562;80.72657;115.18017;172.34438;270.32975;270.32975;2.33276;11.89355;0.00000;0.00000;21.51049;0.00000;0.00000;194.95145;111.00657;397.44014;116.81271;1549.41971;757.39715;233.04927;358.92694;342.41974
685.42503;8435.18044;69.44525;2304.69312;2201.24569;527.12937;1652.26387;2593.06601;1813.97553;742.18164;800.80185;2789.45534;190.69922;2820.07718;278.36501;237.90217;681.24772;1242.09167;238.45992;79.46710;300.05899;256.97072;821.88734;746.31426;2029.50231;234.38790;78.46492;1545.89087;203.47387;1811.05035;7223.47330;1515.16200;298.27781;371.27033;2944.34786;2579.68934;378.53088;532.85409;1196.69569;405.87861;168.24085;23.32002;86.26276;371.19737;1177.79897;466.75729;508.17553;1390.44306;508.17553;477.77296;2060.48733;216.26671;762.92369;3826.39495;501.98941;1615.86810;463.61882;114.12783;0.00000;22438.07258;411.66658;13192.82379;22438.07258;2914.60621;5955.24180;2025.80856;261.97265;2501.84352;1804.49432;2836.89829;639.86661;973.52612;1620.39004;684.81554;970.73973;673.62390;702.31484;394.47955;1011.45581;514.52069;1143.48522;868.90913;4682.36613;4682.36613;6.01798;457.42883;11.51824;4.65532;99.92867;0.00000;0.00000;918.55737;262.28072;707.43592;681.24772;3387.23757;2593.06601;1652.26387;3801.51341;880.82795
1505.17244;24831.55291;129.36041;7497.15226;9280.82837;903.23101;3688.39493;7865.49718;5952.00165;1989.46699;1900.33458;8011.53568;682.74656;7938.68471;1167.57080;361.38566;2486.00583;4338.17848;759.87201;349.34079;1284.87727;984.31663;2439.12142;2200.14067;5298.33902;512.77543;109.98774;3877.34541;496.60301;3305.27617;28988.08735;3723.69664;878.82764;964.56234;12343.53436;8109.77674;2338.13036;1437.66918;2189.13509;1953.09265;592.73038;43.96661;252.15862;1269.62215;2793.91311;1759.35438;2173.67324;7090.96438;2173.67324;3376.93625;6174.35829;771.83490;4091.27447;16368.29432;1312.58471;4936.97487;953.95559;400.96710;3.94933;85544.81875;1352.74332;22438.07258;85544.81875;18415.35400;16319.83942;6832.81437;841.55704;8584.81812;5549.51692;8427.92810;2227.23523;2727.60213;4407.31760;2055.27719;3406.35292;3185.99054;2248.86465;969.24900;3902.13463;1618.69793;3777.76936;2339.13034;9379.43326;9379.43326;16.43418;1117.57332;30.40029;49.94412;234.13923;0.00000;1.29831;3707.18476;1050.24010;2675.41750;2486.00583;14363.93148;7865.49718;3688.39493;18968.42404;2475.66988
1511.09345;25165.54580;720.67917;4598.16595;2237.55698;388.88240;2098.64857;7579.91638;4007.89583;2096.19646;2859.13797;5142.47475;419.09707;11838.74269;2157.53455;517.95469;1829.26197;1760.89911;943.88856;452.90198;1615.08519;748.24576;7993.00515;3388.48955;7216.17789;577.40887;129.76512;4006.96688;658.02615;1922.81280;17212.17272;2617.58029;1909.31051;625.90386;4379.92291;3346.19849;580.48620;963.96557;1214.40682;947.89228;372.24768;7.47189;80.39615;247.43037;624.72446;377.90599;1129.51725;3379.77528;1129.51725;1890.83106;3590.18888;411.22820;1057.22281;5988.58756;341.94815;5731.76869;382.52972;604.11682;7.47603;18415.35400;532.60139;2914.60621;18415.35400;275439.15829;13983.39062;2603.74665;617.86458;4909.83575;2541.90363;3172.07670;1087.67135;2466.97077;5220.12152;1856.83497;1894.32647;1424.29571;1342.89956;1345.05832;3910.34266;1273.37466;2548.51786;3409.73698;6238.31022;6238.31022;355.28418;939.66314;21.03098;164.66297;254.33928;0.00000;37.38443;1907.58678;455.91378;3687.93714;1829.26197;11714.78913;7579.91638;2098.64857;8306.20239;4256.20342
3693.23820;18561.30604;231.92633;4087.84002;8924.03702;599.85592;5751.72331;11757.04505;10595.62232;2712.91203;3427.42730;7346.54432;1128.14819;14552.56431;3081.86381;1073.43566;1551.90392;4599.69206;1280.94851;365.30923;2832.47757;902.80754;5291.74931;1872.13737;13823.98476;1115.16439;170.06733;8364.30000;749.65762;7218.55959;48167.03981;3227.62114;2460.77274;2046.42234;12041.71122;16424.83591;4249.91118;2322.82546;4078.61310;3316.36614;835.41199;76.95932;303.45471;2465.05422;2621.60935;2309.44535;2102.36850;6182.50367;2102.36850;2458.61098;11684.75523;2192.73777;2509.18818;13983.17352;1866.11686;12094.78640;1612.09273;585.47374;49.89087;16319.83942;1716.56271;5955.24180;16319.83942;13983.39062;320164.11984;5531.30129;1428.00559;8121.77295;4596.76486;8941.69904;2020.86786;4977.94159;6342.45610;2398.88685;4961.49643;1612.38351;1646.24134;2416.33915;4785.46911;2182.24266;5775.11062;5055.54855;8815.83656;8815.83656;75.31778;1334.83248;41.59444;42.73768;439.42693;0.00000;23.66286;3963.88910;993.82363;5427.34384;1551.90392;17244.48019;11757.04505;5751.72331;11347.74173;6566.45070
806.76550;5148.87105;34.33503;405.32636;2467.39025;208.44343;1772.68285;3355.12855;1668.94710;369.93996;745.18278;1081.85149;126.27268;1422.69906;179.81038;28.00244;1033.94049;2484.45415;119.51255;68.70943;268.74918;88.04838;302.62891;177.38609;1068.72912;127.97865;10.30377;919.10568;114.17221;372.35730;4543.84333;932.42108;219.24151;252.36684;3477.20946;2237.56843;770.99934;540.30989;586.29608;566.27159;179.12026;14.04325;91.08461;1641.35800;1254.66884;763.73262;532.04087;1973.69015;532.04087;516.83091;2815.79525;458.03141;827.06807;4779.92102;578.23982;1774.91171;400.88395;66.63320;0.00000;6832.81437;543.48988;2025.80856;6832.81437;2603.74665;5531.30129;7289.34937;275.41269;3146.00000;2426.64103;3058.67849;979.88553;857.05165;1653.08754;679.57877;2112.84562;661.86777;957.58898;1067.00514;1256.58523;385.07359;1480.76194;421.81706;1861.79718;1861.79718;9.75675;113.39213;4.69291;2.32766;60.00758;0.00000;0.00000;577.71050;232.74633;405.42483;1033.94049;2931.66669;3355.12855;1772.68285;2459.00997;392.38504
527.53655;1496.05345;3.41179;276.82090;253.03594;35.35520;724.90413;1658.51718;570.28648;240.04277;488.26770;402.09120;32.34795;733.57559;52.14170;12.48881;100.20571;243.81993;72.82650;23.77374;306.59686;33.38928;407.68840;144.86715;777.79541;118.86375;13.19479;619.44209;123.93347;300.98377;975.01042;420.86299;102.89081;163.35838;926.30398;318.43853;86.54921;25.46960;64.76177;106.88118;16.40000;4.97700;35.43570;21.51988;73.58748;63.82938;50.20936;125.81641;50.20936;42.86305;314.37788;195.67426;113.63517;291.67348;26.53631;653.97032;86.96793;11.83902;0.00000;841.55704;188.05185;261.97265;841.55704;617.86458;1428.00559;275.41269;735.45079;1003.15086;18.22313;563.09509;106.57239;437.38336;759.29210;320.10612;587.89469;135.01283;91.97503;373.65047;340.59051;337.07731;571.28732;137.20631;287.11706;287.11706;2.66516;72.15174;3.10575;2.32766;11.51872;0.00000;0.00000;150.87357;22.92810;134.89821;100.20571;1061.96414;1658.51718;724.90413;1231.33353;253.77335
1247.11410;10460.01198;40.04059;936.23719;1694.23581;294.22347;1549.13359;6622.95764;3051.84013;577.52599;1648.87266;2777.42811;151.25311;2304.97425;315.14742;23.26087;2315.43680;2067.85817;558.87323;66.24125;979.22388;225.13320;977.47055;372.55048;1867.04478;210.88472;34.54154;1779.44880;511.67431;1004.14771;9468.17876;1971.23085;327.18804;410.24660;10053.19316;2477.72057;369.24967;364.43979;669.76100;415.93585;149.96727;12.67677;105.90665;177.54715;814.80305;404.92744;385.21565;2171.75873;385.21565;824.13318;2919.19523;1036.59954;558.88932;4995.58396;402.69433;3137.18283;308.08038;104.46606;0.00000;8584.81812;603.74623;2501.84352;8584.81812;4909.83575;8121.77295;3146.00000;1003.15086;24622.29716;1897.88501;4440.56205;1071.81331;1570.26279;4634.92831;1484.63613;4600.76360;1205.43222;1557.52735;1003.95372;5560.85160;1092.12822;4860.21895;895.96646;5755.97970;5755.97970;7.77376;320.12219;13.92431;0.00000;46.10180;0.00000;0.00000;665.32236;211.97137;697.95968;2315.43680;8855.95052;6622.95764;1549.13359;7052.38717;586.87567
275.57530;2984.38559;1.56960;105.82923;2296.24015;123.73521;800.65349;1438.42757;740.56685;279.34779;182.80757;1715.60818;102.92377;322.35006;53.62881;62.33155;412.48263;1095.52947;89.01237;18.95598;71.36826;26.30504;135.57642;53.96704;263.53251;23.43731;5.16945;143.27310;12.60348;72.61683;2673.31748;499.54641;46.46157;176.50067;1365.04527;4719.42616;322.81668;733.32685;909.15330;580.65380;178.11840;8.91691;111.82069;640.21563;1153.38513;924.59316;652.34007;2077.18180;652.34007;406.53306;3911.98324;176.58384;840.21819;3696.03934;583.17872;1171.93775;26.92077;155.63055;1.97467;5549.51692;487.70439;1804.49432;5549.51692;2541.90363;4596.76486;2426.64103;18.22313;1897.88501;7750.10050;2486.30093;372.76319;332.38769;565.53644;239.79306;689.26197;270.07676;941.97200;99.49073;806.87711;216.23220;555.39412;266.81477;2231.26097;2231.26097;2.33276;46.00363;0.00000;1.20599;58.74225;0.00000;0.00000;468.35922;303.80402;263.93109;412.48263;1831.98066;1438.42757;800.65349;1570.78514;416.75327
848.45960;6346.15357;35.03549;966.98299;3334.38962;265.98184;1675.29160;4370.98309;11499.71274;564.16616;1213.81090;1440.77439;327.67459;5551.43379;437.50501;334.70942;1057.09695;1762.81269;292.46004;49.92217;509.55786;112.47090;970.56185;537.81097;2416.21534;225.17351;40.84957;2332.62053;273.39385;1810.74622;9871.59647;1376.38222;474.72304;539.89923;3284.26290;3100.44833;580.41146;601.15584;766.37263;496.87267;210.21262;14.00320;119.14529;622.71793;1148.22483;881.83345;788.97036;2161.84701;788.97036;1020.76179;2830.69732;464.42776;853.70254;4590.63437;622.07439;2572.61674;360.77243;71.08461;4.71801;8427.92810;586.98226;2836.89829;8427.92810;3172.07670;8941.69904;3058.67849;563.09509;4440.56205;2486.30093;27373.21289;735.73176;1008.93473;2321.59607;783.21366;1730.09713;660.81871;782.28286;790.11811;2725.21535;2169.00188;1889.25382;1091.22436;2358.44531;2358.44531;9.15586;296.37217;3.83873;10.51664;63.85943;0.00000;15.30392;668.27908;278.33707;785.78772;1057.09695;3889.13771;4370.98309;1675.29160;3112.03339;1127.11626
381.01604;2380.59315;33.00118;442.03318;263.33030;82.76293;1195.16028;1202.91669;756.11775;170.62166;417.01497;572.00989;79.55108;1269.03687;161.72332;38.66118;498.79350;658.45932;90.84760;16.99816;54.24057;35.80681;727.08616;140.27789;2301.72368;219.55161;57.84447;1039.49293;103.10984;570.35051;3283.84989;581.88743;278.21506;284.14488;1382.32412;597.50477;162.11742;117.73630;100.27061;103.83129;60.71267;2.91858;2.22887;65.31996;183.16785;44.80413;243.96686;401.15346;243.96686;155.75992;455.24061;50.33956;41.49065;1092.30748;67.22518;558.19966;198.92000;146.93100;2.15995;2227.23523;56.27007;639.86661;2227.23523;1087.67135;2020.86786;979.88553;106.57239;1071.81331;372.76319;735.73176;5019.70476;262.16414;580.53300;253.59940;492.73924;311.46136;289.92487;217.59929;388.15314;157.41436;455.05630;372.73898;667.30410;667.30410;8.68820;115.34671;2.44329;2.32766;23.36053;0.00000;0.00000;230.82292;60.13695;302.27833;498.79350;1824.93135;1202.91669;1195.16028;1155.87823;514.87011
807.20390;4667.89200;30.88577;596.28622;1109.93569;78.27820;1076.93085;2422.05643;1613.94922;1661.76586;928.56169;1290.64407;124.31817;1391.33462;212.67755;114.95914;398.49054;648.08682;145.72045;71.09471;479.34812;214.18694;1450.45285;359.08447;754.62805;48.77635;23.76489;849.77310;132.78986;313.73333;3421.25642;1488.60330;234.76703;295.51627;1122.80921;540.24442;938.63339;274.35193;310.64701;600.91296;104.47260;15.16031;51.83766;217.24536;198.67938;212.00184;141.05222;779.43841;141.05222;397.43905;1356.00730;512.97859;155.36150;1664.24205;166.94884;4617.48700;182.55793;22.02047;0.60300;2727.60213;216.70182;973.52612;2727.60213;2466.97077;4977.94159;857.05165;437.38336;1570.26279;332.38769;1008.93473;262.16414;5425.76032;1320.86138;462.45054;1676.72071;477.65345;367.54147;564.99922;2373.82469;410.14704;1238.05558;1058.38953;1934.15227;1934.15227;3.85553;116.66807;4.25105;3.53365;50.48692;0.00000;1.29831;653.61230;227.79215;487.96577;398.49054;3957.31674;2422.05643;1076.93085;2382.34214;1057.45604
1771.55196;8535.60201;99.04676;932.96102;729.92550;204.83505;2330.83459;10010.80368;2360.08462;524.02959;3555.19486;1494.03796;144.84510;3124.76908;375.07080;46.16300;775.31029;1148.31037;275.71676;72.27673;4628.24334;261.56790;1691.81229;523.23266;2200.95876;248.73934;44.95406;1985.30851;531.34164;821.04680;7875.57780;1638.94013;482.20720;449.13960;2895.21436;1886.10585;338.35001;205.43634;397.73293;412.70934;53.20184;10.39034;70.41531;131.42433;367.35089;117.34412;253.38798;600.46972;253.38798;360.29145;1337.65464;434.67881;175.53297;3256.47851;322.98279;2642.94660;210.08452;54.70954;0.60300;4407.31760;342.72612;1620.39004;4407.31760;5220.12152;6342.45610;1653.08754;759.29210;4634.92831;565.53644;2321.59607;580.53300;1320.86138;11702.31119;1966.31939;2825.28379;606.43906;671.23908;1849.88689;2287.33436;898.97943;2334.72081;1480.13198;3005.08053;3005.08053;21.52096;223.94397;4.81605;8.93719;36.35712;0.00000;14.96924;550.90232;212.69289;788.32116;775.31029;4128.05195;10010.80368;2330.83459;6216.76114;1121.11288
629.27037;3956.09552;20.56013;396.86756;306.93254;71.53659;876.34947;3734.43617;871.72936;327.65547;1785.16925;520.27136;62.20928;1271.88569;163.43521;25.58600;501.09800;523.02612;87.63588;19.20926;982.75441;85.76955;659.92804;333.26329;1109.49447;90.63592;26.56327;722.71508;231.48778;400.42025;3646.53409;691.28793;178.14510;244.41887;1820.21978;764.99994;154.01917;74.36207;132.96752;94.15894;22.09978;5.63642;23.64808;39.60014;167.09128;95.95243;85.74988;317.43081;85.74988;95.30072;521.33042;128.30630;94.19975;1164.97737;87.47076;846.45088;127.95683;7.92527;0.00000;2055.27719;152.02753;684.81554;2055.27719;1856.83497;2398.88685;679.57877;320.10612;1484.63613;239.79306;783.21366;253.59940;462.45054;1966.31939;5738.75348;868.85000;364.23722;354.67615;709.05654;739.06898;443.66530;700.53441;631.70109;1371.37305;1371.37305;5.44378;135.43575;2.17743;3.86560;19.79244;0.00000;10.27272;358.92951;35.73338;348.70464;501.09800;1939.79026;3734.43617;876.34947;3052.69181;535.33645
1052.87944;6631.91910;14.16953;356.71858;833.26739;117.69700;2221.58566;4705.22999;1764.57832;704.96318;1562.08029;1223.23016;63.79554;1229.03664;93.46887;33.00742;694.40321;1035.11915;146.47288;17.12297;1146.40266;63.41139;549.43532;151.72859;901.77853;69.27430;39.49223;841.73502;150.21435;273.30340;5238.09964;894.99052;166.98756;346.51091;3053.20902;1123.86748;321.08063;115.78201;257.71493;280.37721;59.27256;7.09777;30.70095;148.54292;496.15363;109.34482;87.02719;644.05906;87.02719;137.57667;1380.26884;757.30127;129.20091;2720.08288;124.40970;2254.35642;141.30946;58.08198;0.60300;3406.35292;234.43380;970.73973;3406.35292;1894.32647;4961.49643;2112.84562;587.89469;4600.76360;689.26197;1730.09713;492.73924;1676.72071;2825.28379;868.85000;7787.55940;585.06396;650.93289;1166.33758;1367.16379;568.57791;2051.57175;663.78777;2792.88250;2792.88250;2.07540;88.48907;1.71030;1.20599;31.48942;0.00000;0.00000;588.15791;521.35528;294.09228;694.40321;3085.07895;4705.22999;2221.58566;3332.89591;658.37978
340.49713;2300.30833;14.46025;294.15176;1809.61962;53.07154;395.50953;1110.60298;733.02336;237.61286;404.51768;681.67059;25.24836;952.14394;220.92360;18.22680;462.82804;462.69603;166.56872;16.96952;386.55130;39.32258;349.22678;328.03620;835.16962;125.09664;16.91288;927.26765;105.10782;289.06699;5504.05677;518.67538;185.10900;183.49383;1463.15868;468.18627;100.81138;60.42904;188.78007;105.35731;43.06687;2.91706;10.58487;47.78316;99.97690;42.64834;80.68970;376.56506;80.68970;697.76918;491.66758;103.96281;881.69409;1431.48396;58.17699;946.30482;118.79546;90.37514;0.00000;3185.99054;53.63300;673.62390;3185.99054;1424.29571;1612.38351;661.86777;135.01283;1205.43222;270.07676;660.81871;311.46136;477.65345;606.43906;364.23722;585.06396;2916.75824;385.98068;268.73025;753.44366;165.78741;555.98125;592.13204;1264.58451;1264.58451;3.60382;209.04839;3.58857;4.49552;42.40954;0.00000;0.00000;340.55352;138.65792;537.04027;462.82804;3215.36927;1110.60298;395.50953;1548.45993;360.00937
261.59783;2214.02182;7.49844;130.78397;545.24968;30.72521;321.62253;1473.26390;492.89581;226.32823;335.40058;713.23693;87.36465;764.72125;78.92077;7.23574;509.32372;664.72393;72.57807;15.38129;117.61255;39.37623;268.89697;288.13320;320.44334;31.70568;9.25713;258.39056;33.58596;131.55391;2886.61298;441.25836;74.71684;402.75908;1716.85760;545.60833;90.95174;75.21411;405.45703;183.38002;42.56376;3.22986;24.70529;99.02136;261.59969;170.64428;141.69969;747.75932;141.69969;216.71337;758.67871;157.72797;116.55742;2263.38370;119.19993;889.07231;77.28552;49.13562;0.00000;2248.86465;105.14780;702.31484;2248.86465;1342.89956;1646.24134;957.58898;91.97503;1557.52735;941.97200;782.28286;289.92487;367.54147;671.23908;354.67615;650.93289;385.98068;2527.84223;137.29594;775.52714;145.15053;558.99636;216.65658;1514.28496;1514.28496;0.93866;80.72095;0.94205;0.00000;13.91677;0.00000;1.29831;803.49099;228.13565;187.80332;509.32372;1505.45288;1473.26390;321.62253;1483.87584;323.62371
1247.21631;2993.89238;36.17196;582.84990;246.39198;72.06716;1747.87217;3987.33816;1142.27635;405.23031;1179.25200;478.16387;69.66838;2092.55562;281.87265;32.05527;340.05211;489.31925;231.34648;27.44768;482.46661;74.21755;878.10837;284.91013;1924.66545;173.75234;30.41589;1667.88184;234.42280;619.28820;2632.91802;514.74015;630.37916;306.05472;934.38631;434.30609;256.65079;66.95420;73.64113;132.92165;28.04153;7.03054;28.75352;88.49265;61.50611;51.50607;71.56700;133.86008;71.56700;55.97997;323.83296;167.18566;85.27144;457.38673;52.10711;696.88927;171.16274;149.56129;1.97467;969.24900;95.38316;394.47955;969.24900;1345.05832;2416.33915;1067.00514;373.65047;1003.95372;99.49073;790.11811;217.59929;564.99922;1849.88689;709.05654;1166.33758;268.73025;137.29594;3806.12327;383.13071;426.21275;560.61156;1106.17965;833.10327;833.10327;5.77376;194.09680;3.85830;5.07159;22.15279;0.00000;0.00000;695.24722;30.57504;1456.02738;340.05211;1115.45451;3987.33816;1747.87217;2607.79621;673.98503
538.90281;5317.76338;34.87754;418.25245;880.22501;103.77333;623.38169;2810.28766;4937.57292;1696.11814;963.59392;1044.04561;86.95332;2711.19487;299.51693;181.95377;834.01951;793.80452;169.10722;79.36443;372.73783;294.27497;1834.02487;238.30582;1176.27845;48.13022;19.70577;681.99750;174.47625;184.28097;8582.11031;1948.75414;184.97519;260.10781;3543.32823;879.48620;413.83559;313.46227;864.60502;366.69800;89.52198;5.23312;36.60590;145.61205;302.22471;141.39438;299.63146;1680.07507;299.63146;1102.04928;1799.89391;238.07918;301.37463;3113.93063;151.70496;3860.14833;39.04804;34.03656;7.46134;3902.13463;187.36562;1011.45581;3902.13463;3910.34266;4785.46911;1256.58523;340.59051;5560.85160;806.87711;2725.21535;388.15314;2373.82469;2287.33436;739.06898;1367.16379;753.44366;775.52714;383.13071;14900.34239;1317.67489;2684.33113;768.06177;3033.74976;3033.74976;0.91502;115.77483;0.00000;1.20599;35.73930;0.00000;0.00000;393.74166;162.67679;393.93903;834.01951;6416.74909;2810.28766;623.38169;3864.58640;622.68691
430.86677;2074.90296;10.01334;262.75965;172.74401;57.78838;589.99220;2003.98744;5197.89953;299.15463;586.44746;348.67386;60.09083;2784.42718;111.01930;22.95625;283.65093;439.18648;49.88126;21.50290;361.90482;33.86640;270.35282;123.05263;633.70592;57.39869;9.65018;786.06302;165.74912;176.80761;1864.55828;607.21489;105.42457;165.66893;1386.00771;657.12896;149.32325;29.60011;403.61584;82.87638;22.60612;3.41274;7.65380;39.21490;81.08471;33.36821;43.01216;171.64725;43.01216;57.27554;401.38006;159.83803;51.68641;625.98034;26.87520;597.55174;59.80008;10.45355;1.80899;1618.69793;80.72657;514.52069;1618.69793;1273.37466;2182.24266;385.07359;337.07731;1092.12822;216.23220;2169.00188;157.41436;410.14704;898.97943;443.66530;568.57791;165.78741;145.15053;426.21275;1317.67489;4065.59784;596.11223;288.59892;471.43770;471.43770;1.28306;54.11565;0.73299;3.61798;14.20385;0.00000;2.94053;107.73866;26.32726;162.20452;283.65093;1166.21262;2003.98744;589.99220;2759.98488;181.63308
598.56548;5369.77244;30.84664;784.01739;672.54018;123.85321;1165.58536;3436.86891;1869.06979;918.79888;930.48193;1182.04206;72.70991;1420.68868;234.02651;123.01754;485.32067;1049.89874;137.38164;54.52321;630.47325;156.30025;1286.06294;305.97510;1805.12780;185.96490;37.50580;928.47169;185.20358;972.95480;7339.25878;1563.89675;254.50752;252.33646;3809.82508;1597.10883;396.50493;172.12176;414.30778;676.05316;62.42985;5.86937;16.96139;69.44123;385.21875;85.66412;311.11431;1285.61837;311.11431;410.94344;1359.40956;629.21357;127.62198;2273.88110;85.83800;2058.10614;183.04128;79.25997;0.60300;3777.76936;115.18017;1143.48522;3777.76936;2548.51786;5775.11062;1480.76194;571.28732;4860.21895;555.39412;1889.25382;455.05630;1238.05558;2334.72081;700.53441;2051.57175;555.98125;558.99636;560.61156;2684.33113;596.11223;10630.09319;782.46231;2373.19805;2373.19805;6.22470;161.94926;3.17628;9.48008;32.82852;0.00000;2.59662;854.20556;122.16606;326.43209;485.32067;4396.11738;3436.86891;1165.58536;3549.47948;833.18303
1401.85337;6210.20254;37.65689;1938.78478;741.54983;703.88081;1773.31805;2738.82910;2636.78505;501.30087;1563.01987;1099.05133;418.27964;21712.90044;2153.29276;568.28271;287.26721;630.76781;935.26101;64.08165;805.98553;368.99553;3611.10455;2408.82304;7279.87258;433.92714;151.58864;9834.97310;539.60408;2619.88045;17047.39920;868.41478;1591.39852;918.09645;1460.34629;1295.36534;758.53594;344.04320;308.40925;383.52541;121.06983;29.32635;24.63669;109.22076;168.42673;174.84957;333.99252;612.70613;333.99252;229.69281;1631.22592;261.37688;186.54677;1542.20449;172.77627;1531.36130;376.14513;275.92308;1.37167;2339.13034;172.34438;868.90913;2339.13034;3409.73698;5055.54855;421.81706;137.20631;895.96646;266.81477;1091.22436;372.73898;1058.38953;1480.13198;631.70109;663.78777;592.13204;216.65658;1106.17965;768.06177;288.59892;782.46231;109715.12997;3965.97535;3965.97535;8.02822;1178.58740;91.12687;33.27440;141.63916;0.00000;0.00000;1848.51793;295.66258;3726.86327;287.26721;3315.76665;2738.82910;1773.31805;3555.66358;6503.67806
974.48790;19752.86325;231.88443;1493.35953;1590.50227;1013.35944;1474.78624;4025.53248;2405.18515;888.57866;1927.66132;4794.37861;136.91190;7332.59638;342.53829;144.30014;1478.06901;2053.09225;971.57569;297.77254;1215.34171;370.23383;1481.74277;1511.79060;3117.28243;156.11919;43.00651;2626.33680;354.77431;1531.44225;13990.40692;1635.91837;429.73556;661.08702;3987.44682;4995.79827;418.52267;317.77263;1914.67127;495.45298;119.17457;3.83235;31.26511;173.58891;456.55564;176.22120;252.50713;1834.48117;252.50713;731.66695;2650.11193;340.11996;513.97241;4492.67396;571.35467;3375.87850;245.03816;172.55266;6.63297;9379.43326;270.32975;4682.36613;9379.43326;6238.31022;8815.83656;1861.79718;287.11706;5755.97970;2231.26097;2358.44531;667.30410;1934.15227;3005.08053;1371.37305;2792.88250;1264.58451;1514.28496;833.10327;3033.74976;471.43770;2373.19805;3965.97535;65247.98021;65247.98021;0.70380;477.07359;59.13940;31.18390;81.76836;0.00000;8.82160;1572.57278;292.12121;1701.91194;1478.06901;8224.47537;4025.53248;1474.78624;4824.13913;2970.56781
974.48790;19752.86325;231.88443;1493.35953;1590.50227;1013.35944;1474.78624;4025.53248;2405.18515;888.57866;1927.66132;4794.37861;136.91190;7332.59638;342.53829;144.30014;1478.06901;2053.09225;971.57569;297.77254;1215.34171;370.23383;1481.74277;1511.79060;3117.28243;156.11919;43.00651;2626.33680;354.77431;1531.44225;13990.40692;1635.91837;429.73556;661.08702;3987.44682;4995.79827;418.52267;317.77263;1914.67127;495.45298;119.17457;3.83235;31.26511;173.58891;456.55564;176.22120;252.50713;1834.48117;252.50713;731.66695;2650.11193;340.11996;513.97241;4492.67396;571.35467;3375.87850;245.03816;172.55266;6.63297;9379.43326;270.32975;4682.36613;9379.43326;6238.31022;8815.83656;1861.79718;287.11706;5755.97970;2231.26097;2358.44531;667.30410;1934.15227;3005.08053;1371.37305;2792.88250;1264.58451;1514.28496;833.10327;3033.74976;471.43770;2373.19805;3965.97535;65247.98021;65247.98021;0.70380;477.07359;59.13940;31.18390;81.76836;0.00000;8.82160;1572.57278;292.12121;1701.91194;1478.06901;8224.47537;4025.53248;1474.78624;4824.13913;2970.56781
15.94274;86.25242;16.33401;35.52254;18.84156;0.41981;16.42876;37.54517;13.69833;6.91479;17.84113;7.47734;11.81290;61.35005;3.55954;30.59285;2.66516;3.57454;1.60382;2.38856;1.31419;4.94536;27.22463;30.02984;152.43985;14.57571;2.69629;33.00572;5.88584;20.11937;36.28270;7.82289;12.84073;8.64693;11.60655;11.98233;7.74873;3.03655;2.38003;3.57604;3.67612;0.90188;1.49614;7.25456;21.95217;6.08728;106.64261;26.19025;106.64261;5.07321;8.40101;3.53177;10.38069;14.87016;4.37991;9.78150;5.13223;0.32076;5.51606;16.43418;2.33276;6.01798;16.43418;355.28418;75.31778;9.75675;2.66516;7.77376;2.33276;9.15586;8.68820;3.85553;21.52096;5.44378;2.07540;3.60382;0.93866;5.77376;0.91502;1.28306;6.22470;8.02822;0.70380;0.70380;50.81556;17.12664;5.51606;5.51606;8.75173;0.00000;0.00000;46.60308;3.22414;9.54651;2.66516;5.40322;37.54517;16.42876;31.19804;392.57253
412.62092;1609.81531;76.74219;723.34602;169.97464;131.87191;502.04518;533.42262;739.07513;368.01327;280.72715;284.70821;206.16104;2732.19194;1059.80202;108.46273;97.16113;390.90727;801.60393;12.47137;124.24998;91.75112;1252.67784;653.39506;2490.37174;252.11760;52.68179;2078.04506;135.71683;661.10286;2368.35452;213.59622;513.57227;280.43606;378.42923;414.98485;78.56789;43.89709;95.71069;78.34673;74.14434;1.62882;5.46732;73.83741;33.64139;42.26065;320.63429;318.53404;320.63429;75.23770;269.16550;34.58383;107.60796;334.15035;22.69210;180.26122;466.11840;74.18043;5.51606;1117.57332;11.89355;457.42883;1117.57332;939.66314;1334.83248;113.39213;72.15174;320.12219;46.00363;296.37217;115.34671;116.66807;223.94397;135.43575;88.48907;209.04839;80.72095;194.09680;115.77483;54.11565;161.94926;1178.58740;477.07359;477.07359;17.12664;6328.76419;10.59988;21.34662;28.90777;0.00000;1.29831;530.80001;11.92651;777.16490;97.16113;1017.46553;533.42262;502.04518;565.79760;706.33463
22.87413;64.42894;5.51606;18.60340;1.66921;7.25709;13.43556;13.51400;16.39511;0.24433;13.76025;7.04248;0.45339;328.97458;27.85763;6.12933;4.28629;20.99771;28.24049;0.00000;8.63530;1.36018;14.15087;30.35113;35.90436;7.80461;0.24433;126.29040;5.59387;42.96255;319.77187;9.01864;18.05424;31.96306;7.10120;3.73129;3.51804;0.00000;0.00000;1.53233;0.00000;0.00000;0.00000;2.75803;2.75803;1.50511;52.40253;11.03211;52.40253;0.93622;0.45339;0.00000;2.75803;0.45339;0.00000;3.35798;10.30438;1.50511;2.75803;30.40029;0.00000;11.51824;30.40029;21.03098;41.59444;4.69291;3.10575;13.92431;0.00000;3.83873;2.44329;4.25105;4.81605;2.17743;1.71030;3.58857;0.94205;3.85830;0.00000;0.73299;3.17628;91.12687;59.13940;59.13940;5.51606;10.59988;44.52024;2.75803;2.75803;0.00000;0.00000;10.01897;0.00000;25.27925;4.28629;1.99377;13.51400;13.43556;22.57911;29.11722
0.00000;44.48271;11.79364;33.79534;16.17731;0.00000;17.49723;33.00484;6.19326;0.00000;9.03562;7.73120;2.75803;39.93991;7.92804;1.20599;3.53365;1.20599;0.00000;2.32766;10.14319;0.00000;18.15822;2.75803;14.75122;0.00000;0.00000;5.51606;0.00000;20.97846;85.84092;0.00000;9.03769;1.20599;5.86132;16.29362;3.96402;0.00000;0.00000;2.32766;2.41199;0.00000;0.00000;2.75803;2.75803;0.00000;54.73020;11.03211;54.73020;1.20599;1.20599;0.00000;2.75803;8.60732;25.11865;1.20599;0.00000;1.20599;3.96402;49.94412;0.00000;4.65532;49.94412;164.66297;42.73768;2.32766;2.32766;0.00000;1.20599;10.51664;2.32766;3.53365;8.93719;3.86560;1.20599;4.49552;0.00000;5.07159;1.20599;3.61798;9.48008;33.27440;31.18390;31.18390;5.51606;21.34662;2.75803;57.58063;57.58063;0.00000;0.00000;5.51606;0.00000;49.04442;3.53365;17.32301;33.00484;17.49723;16.63442;24.69901
48.87191;246.21978;12.69475;90.92901;312.73626;3.90821;118.32937;122.68346;73.15026;28.07715;42.62211;49.87403;56.75612;158.37041;54.03099;77.48015;44.75241;39.47660;8.07857;8.36343;21.91416;17.39313;37.62524;34.82681;164.30371;35.94571;6.77753;78.95267;9.30394;59.21875;278.44690;30.12902;58.68070;56.08594;102.60644;143.85966;66.55469;40.52401;30.58203;83.54317;45.80543;18.42737;8.40867;34.41575;68.55939;59.37777;89.05449;102.26769;89.05449;55.34404;188.01859;34.29410;93.65258;214.61244;83.56123;137.42869;12.22872;13.19761;7.49564;234.13923;21.51049;99.92867;234.13923;254.33928;439.42693;60.00758;11.51872;46.10180;58.74225;63.85943;23.36053;50.48692;36.35712;19.79244;31.48942;42.40954;13.91677;22.15279;35.73930;14.20385;32.82852;141.63916;81.76836;81.76836;8.75173;28.90777;2.75803;57.58063;252.52896;0.00000;0.00000;171.68820;38.35824;221.35541;44.75241;150.05936;122.68346;118.32937;87.90255;545.10815
0.00000;0.00000;0.00000;0.00000;0.00000;0.00000;0.00000;0.00000;0.00000;0.00000;0.00000;0.00000;0.00000;0.00000;0.00000;0.00000;0.00000;0.00000;0.00000;0.00000;0.00000;0.00000;0.00000;0.00000;0.00000;0.00000;0.00000;0.00000;0.00000;0.00000;0.00000;0.00000;0.00000;0.00000;0.00000;0.00000;0.00000;0.00000;0.00000;0.00000;0.00000;0.00000;0.00000;0.00000;0.00000;0.00000;0.00000;0.00000;0.00000;0.00000;0.00000;0.00000;0.00000;0.00000;0.00000;0.00000;0.00000;0.00000;0.00000;0.00000;0.00000;0.00000;0.00000;0.00000;0.00000;0.00000;0.00000;0.00000;0.00000;0.00000;0.00000;0.00000;0.00000;0.00000;0.00000;0.00000;0.00000;0.00000;0.00000;0.00000;0.00000;0.00000;0.00000;0.00000;0.00000;0.00000;0.00000;0.00000;0.00000;0.00000;0.00000;0.00000;0.00000;0.00000;0.00000;0.00000;0.00000;0.00000;0.00000;0.00000
0.00000;28.64017;1.29831;9.08817;1.29831;0.00000;4.23884;6.49155;1.29831;0.00000;15.31315;0.00000;3.89493;14.85548;28.53751;0.00000;2.59662;0.00000;10.36116;0.00000;38.53256;0.00000;0.00000;0.00000;15.57973;0.00000;0.00000;11.57103;2.59662;1.29831;9.43209;0.00000;5.53715;0.00000;0.00000;0.00000;0.00000;2.94053;0.00000;0.00000;0.00000;0.00000;0.00000;0.00000;2.94053;0.00000;0.00000;0.00000;0.00000;0.00000;0.00000;0.00000;0.00000;0.00000;0.00000;0.00000;0.00000;1.29831;0.00000;1.29831;0.00000;0.00000;1.29831;37.38443;23.66286;0.00000;0.00000;0.00000;0.00000;15.30392;0.00000;1.29831;14.96924;10.27272;0.00000;0.00000;1.29831;0.00000;0.00000;2.94053;2.59662;0.00000;8.82160;8.82160;0.00000;1.29831;0.00000;0.00000;0.00000;0.00000;38.87834;0.00000;0.00000;2.59662;2.59662;0.00000;6.49155;4.23884;0.00000;2.94053
932.15573;3058.16151;48.62234;1017.57297;2496.30304;184.67143;1042.11877;2605.33008;1619.67171;2019.41806;1161.45424;936.37045;599.62693;5116.08023;866.98143;300.72702;330.42748;377.47889;524.51047;363.42214;724.50490;339.58168;1202.88162;800.89418;3874.44976;352.28656;67.70732;2503.74922;276.51934;1301.71655;9275.18458;673.15450;735.24687;2252.34588;1469.41310;1174.60919;592.90893;1015.82849;1048.20204;1885.34259;163.24035;11.87965;143.25744;418.71530;240.20186;748.03394;677.81222;1005.21778;677.81222;1167.96230;1629.41412;1175.57454;824.82778;3856.40393;186.46324;981.05848;225.23500;510.02648;2.15995;3707.18476;194.95145;918.55737;3707.18476;1907.58678;3963.88910;577.71050;150.87357;665.32236;468.35922;668.27908;230.82292;653.61230;550.90232;358.92951;588.15791;340.55352;803.49099;695.24722;393.74166;107.73866;854.20556;1848.51793;1572.57278;1572.57278;46.60308;530.80001;10.01897;5.51606;171.68820;0.00000;0.00000;46167.46686;503.33677;2548.82133;330.42748;5713.03892;2605.33008;1042.11877;5669.52420;11824.43193
183.62909;638.02222;2.21008;59.21707;1002.95111;10.89822;239.72439;509.86632;228.08480;468.40566;74.44570;281.69646;349.43942;418.30140;72.09762;32.11936;64.88816;116.72777;21.29937;14.02605;91.21768;83.60013;155.86980;103.84043;291.13446;16.58692;8.57410;214.49692;11.12768;55.58136;2369.60753;218.49415;113.80317;299.68616;200.08834;246.99923;168.62755;112.95781;129.64953;392.53852;93.22798;10.42395;31.12369;153.59450;151.21735;154.51795;168.80858;567.87086;168.80858;314.99982;969.44936;267.95646;249.58191;3245.78127;72.76223;586.39771;15.35294;34.56212;0.00000;1050.24010;111.00657;262.28072;1050.24010;455.91378;993.82363;232.74633;22.92810;211.97137;303.80402;278.33707;60.13695;227.79215;212.69289;35.73338;521.35528;138.65792;228.13565;30.57504;162.67679;26.32726;122.16606;295.66258;292.12121;292.12121;3.22414;11.92651;0.00000;0.00000;38.35824;0.00000;0.00000;503.33677;3653.09202;215.33258;64.88816;783.96529;509.86632;239.72439;800.13548;325.71462
999.93816;2973.07162;275.19227;1254.16449;2101.98236;193.76826;1337.17825;2212.63878;1584.45317;560.05763;677.59890;642.80980;408.34633;12221.84684;1281.28625;467.68559;223.94609;443.98985;657.96584;405.76799;857.21319;548.59217;1963.43788;1803.14819;5554.94633;402.48158;45.20544;4448.02503;175.34469;2227.94885;11052.45015;497.28237;1684.33123;794.57200;901.01504;800.66816;609.63085;230.33734;418.85433;438.37855;212.63703;16.82766;53.39522;159.52874;211.18471;276.18124;457.47281;790.33307;457.47281;584.13014;1311.64612;217.40088;819.65639;2202.89274;269.39071;901.15446;249.37247;166.14879;2.41199;2675.41750;397.44014;707.43592;2675.41750;3687.93714;5427.34384;405.42483;134.89821;697.95968;263.93109;785.78772;302.27833;487.96577;788.32116;348.70464;294.09228;537.04027;187.80332;1456.02738;393.93903;162.20452;326.43209;3726.86327;1701.91194;1701.91194;9.54651;777.16490;25.27925;49.04442;221.35541;0.00000;2.59662;2548.82133;215.33258;87830.38189;223.94609;3869.74348;2212.63878;1337.17825;4020.24505;5804.00917
605.92456;2804.52859;32.58015;338.00742;471.03663;38.80326;701.35143;1664.05699;787.00681;93.46532;498.67616;748.83668;61.44848;2495.98022;189.62137;30.81643;4803.97683;635.19810;154.90830;20.12636;163.43872;48.66602;499.36087;335.52727;787.03341;92.67723;72.53846;1344.06380;108.16304;338.53815;2860.38296;514.89839;174.02964;217.25464;2443.61484;497.22241;142.59257;116.27946;183.39694;194.52943;66.91413;4.40653;63.03558;67.07534;167.68639;115.50961;163.07890;771.35886;163.07890;318.24570;556.14383;131.72724;298.02258;1381.56696;90.52604;836.50904;122.00923;17.04454;0.60300;2486.00583;116.81271;681.24772;2486.00583;1829.26197;1551.90392;1033.94049;100.20571;2315.43680;412.48263;1057.09695;498.79350;398.49054;775.31029;501.09800;694.40321;462.82804;509.32372;340.05211;834.01951;283.65093;485.32067;287.26721;1478.06901;1478.06901;2.66516;97.16113;4.28629;3.53365;44.75241;0.00000;2.59662;330.42748;64.88816;223.94609;4803.97683;1675.88451;1664.05699;701.35143;1796.39677;493.10582
3203.95573;12654.11596;375.25224;1529.24611;4820.93514;380.56527;3184.11599;7242.02196;4153.62809;3514.93541;2282.22565;4469.06388;370.42491;14130.61418;1779.79770;571.71501;1675.88451;2532.54001;954.96642;522.93086;2442.50432;1132.71940;4576.45198;1570.23443;7884.46940;752.19715;26.52106;4001.91738;375.03214;1851.60033;35861.44901;3044.88220;1932.29213;825.97981;7945.92562;6622.62647;956.18093;950.63607;1296.92960;1231.27044;360.20832;13.19590;56.11322;362.64591;1077.74090;454.88204;893.55560;4001.45927;893.55560;2571.30513;4918.31446;1020.42247;2497.00255;10418.66906;306.74925;8464.73179;466.15313;682.29186;7.31527;14363.93148;1549.41971;3387.23757;14363.93148;11714.78913;17244.48019;2931.66669;1061.96414;8855.95052;1831.98066;3889.13771;1824.93135;3957.31674;4128.05195;1939.79026;3085.07895;3215.36927;1505.45288;1115.45451;6416.74909;1166.21262;4396.11738;3315.76665;8224.47537;8224.47537;5.40322;1017.46553;1.99377;17.32301;150.05936;0.00000;0.00000;5713.03892;783.96529;3869.74348;1675.88451;316683.36715;7242.02196;3184.11599;22492.71979;8438.41179
4308.05248;14348.45207;135.25259;1992.97936;2369.38919;371.78366;5003.28187;30675.22725;5363.98639;1577.02795;5032.47446;2571.74783;330.26209;7481.66396;977.08994;103.31565;1664.05699;2161.33381;806.96704;70.20010;7085.81353;327.70076;3363.33106;1143.23361;5495.97755;530.29715;118.39072;5062.72517;1237.77466;1914.09696;13122.45696;2796.90256;844.92270;1282.32266;7069.35715;2162.18926;895.56467;349.82503;511.50308;743.09166;182.89821;25.01532;155.71668;326.51472;833.75211;564.78533;532.78378;1649.97040;532.78378;782.92592;2851.84109;981.89790;734.21633;6212.54297;373.92521;4764.24722;614.12579;159.95457;3.96894;7865.49718;757.39715;2593.06601;7865.49718;7579.91638;11757.04505;3355.12855;1658.51718;6622.95764;1438.42757;4370.98309;1202.91669;2422.05643;10010.80368;3734.43617;4705.22999;1110.60298;1473.26390;3987.33816;2810.28766;2003.98744;3436.86891;2738.82910;4025.53248;4025.53248;37.54517;533.42262;13.51400;33.00484;122.68346;0.00000;6.49155;2605.33008;509.86632;2212.63878;1664.05699;7242.02196;30675.22725;5003.28187;11549.26055;2884.70260
3509.43273;6589.92721;74.32640;1660.69238;964.55250;480.86553;15772.75276;5003.28187;2362.44921;804.11091;2352.13838;1088.02447;321.33858;5861.01825;555.15550;150.83419;701.35143;836.28642;781.71176;51.83405;782.19425;196.67400;2621.56832;1243.21840;5282.37965;584.56209;131.26134;3572.16179;561.11105;2254.57290;7727.58480;1613.72363;812.19648;1286.03808;1705.41261;1490.72266;877.01431;354.52301;219.72184;449.84487;103.98939;17.27174;62.09050;160.55404;410.63918;273.54337;301.48338;696.24531;301.48338;133.95946;931.23089;158.90841;246.56207;1010.87474;209.76533;1861.34280;724.67833;289.86937;2.76294;3688.39493;233.04927;1652.26387;3688.39493;2098.64857;5751.72331;1772.68285;724.90413;1549.13359;800.65349;1675.29160;1195.16028;1076.93085;2330.83459;876.34947;2221.58566;395.50953;321.62253;1747.87217;623.38169;589.99220;1165.58536;1773.31805;1474.78624;1474.78624;16.42876;502.04518;13.43556;17.49723;118.32937;0.00000;4.23884;1042.11877;239.72439;1337.17825;701.35143;3184.11599;5003.28187;15772.75276;3640.69323;1552.29471
4088.51761;10544.40978;58.79329;1447.87638;7580.15822;236.15147;3640.69323;11549.26055;3460.74499;2459.98543;2257.37084;5744.02496;443.74389;7829.06683;2216.65866;267.76619;1796.39677;1889.64712;697.09312;811.53222;4758.98753;1068.68093;3076.97579;1881.72407;5767.69609;437.54109;122.26812;3462.98305;694.87802;1558.66822;35913.25434;3036.57800;892.05956;704.49973;4716.12474;6370.47395;865.89733;817.08554;1564.12166;527.46696;351.17038;10.93616;30.77981;204.44331;556.20856;167.23370;454.51945;2209.54169;454.51945;2391.76950;2790.14497;494.20800;3097.86029;13683.92300;331.79935;4818.47203;320.26675;162.07556;12.60873;18968.42404;358.92694;3801.51341;18968.42404;8306.20239;11347.74173;2459.00997;1231.33353;7052.38717;1570.78514;3112.03339;1155.87823;2382.34214;6216.76114;3052.69181;3332.89591;1548.45993;1483.87584;2607.79621;3864.58640;2759.98488;3549.47948;3555.66358;4824.13913;4824.13913;31.19804;565.79760;22.57911;16.63442;87.90255;0.00000;0.00000;5669.52420;800.13548;4020.24505;1796.39677;22492.71979;11549.26055;3640.69323;95933.39244;4621.99847
1958.60890;7208.18365;160.36451;2280.80652;2313.41595;230.49791;1552.29471;2884.70260;2125.94850;2048.04270;1272.03381;1089.72164;1012.80313;13097.70847;2548.69663;1530.68334;493.10582;560.15395;1121.56729;475.14579;1365.01984;573.99733;2534.53676;2318.44798;5694.76125;563.00605;179.28845;6575.71439;884.56863;2145.44904;12874.69019;770.63502;2600.23009;2080.24849;966.04830;1281.82644;1464.45536;599.17982;1030.76478;1011.06369;642.48660;48.81493;71.47612;232.71273;271.37411;579.29594;804.73555;1150.04200;804.73555;1076.15416;2113.33831;795.49669;661.78031;3690.54380;438.91812;1808.62595;394.17435;385.54812;10.43403;2475.66988;342.41974;880.82795;2475.66988;4256.20342;6566.45070;392.38504;253.77335;586.87567;416.75327;1127.11626;514.87011;1057.45604;1121.11288;535.33645;658.37978;360.00937;323.62371;673.98503;622.68691;181.63308;833.18303;6503.67806;2970.56781;2970.56781;392.57253;706.33463;29.11722;24.69901;545.10815;0.00000;2.94053;11824.43193;325.71462;5804.00917;493.10582;8438.41179;2884.70260;1552.29471;4621.99847;90913.69638
